drug_id,name,drugbank_id,smiles,drug_targets,drug_enzymes
C012255,clobazam,DB00349,CN1C2=C(C=C(Cl)C=C2)N(C2=CC=CC=C2)C(=O)CC1=O,"['P14867', 'P47869', 'P34903', 'P48169', 'P31644', 'Q16445', 'P18505', 'P47870', 'P28472', 'O14764', 'P78334', 'Q8N1C3', 'P18507', 'Q99928', 'O00591', 'Q9UN88', 'P14867', 'P47869', 'P34903', 'P31644', 'Q8N1C3', 'P18507', 'Q99928']","['P08684', 'P33261', 'P20813', 'P33260', 'P10635']"
C030852,vinorelbine,DB00361,[H][C@@]12N(C)C3=CC(OC)=C(C=C3[C@@]11CCN3CC=C[C@](CC)([C@@]13[H])[C@@]([H])(OC(C)=O)[C@]2(O)C(=O)OC)[C@]1(C[C@@]2([H])CN(CC(CC)=C2)CC2=C1NC1=CC=CC=C21)C(=O)OC,['P07437'],"['P08684', 'P10635']"
C043211,carvedilol,DB01136,COC1=CC=CC=C1OCCNCC(O)COC1=CC=CC2=C1C1=CC=CC=C1N2,"['P08588', 'P35348', 'O95298', 'P07550', 'P15692', 'P16860', 'P17302', 'Q12809', 'P19320', 'P25100', 'P35368', 'P18825', 'P18089', 'P08913', 'P16581', 'Q16665', 'P48050', 'P63252', 'P35348', 'P35368', 'P25100']","['P47989', 'P11712', 'P10635', 'P05177', 'P08684', 'P04798', 'P05181', 'P22309', 'P06133', 'P16662']"
C044946,benazepril,DB00542,[H][C@@]1(CCC2=CC=CC=C2N(CC(O)=O)C1=O)N[C@@H](CCC1=CC=CC=C1)C(=O)OCC,['P12821'],['P42898']
C045463,leflunomide,DB01097,CC1=C(C=NO1)C(=O)NC1=CC=C(C=C1)C(F)(F)F,"['Q02127', 'P35869', 'Q14289']","['P11712', 'P05177']"
C047781,lamotrigine,DB00555,NC1=NC(N)=C(N=N1)C1=C(Cl)C(Cl)=CC=C1,"['Q15878', 'P35498', 'Q9Y5Y9', 'Q9UI33', 'Q99250', 'Q9NY46', 'P35499', 'Q14524', 'Q01118', 'Q9UQD0', 'Q15858', 'P30542', 'P29274', 'P35348', 'P08913', 'P08588', 'P21728', 'P21918', 'P14416', 'P14867', 'P47869', 'P34903', 'P48169', 'P31644', 'Q16445', 'P18505', 'P47870', 'P28472', 'O14764', 'P78334', 'Q8N1C3', 'P18507', 'Q99928', 'O00591', 'Q9UN88', 'P14867', 'P47869', 'P34903', 'P31644', 'Q8N1C3', 'P18507', 'Q99928', 'P35367', 'P41145', 'P02708', 'P28223', 'P46098', 'P42261']","['P22309', 'Q9HAW8', 'P35503', 'P22310', 'P19224', 'Q9HAW7', 'Q9HAW9', 'O60656', 'P54855', 'P06133', 'P16662', 'P00374']"
C051752,nefazodone,DB01149,CCC1=NN(CCCN2CCN(CC2)C2=CC(Cl)=CC=C2)C(=O)N1CCOC1=CC=CC=C1,"['P28223', 'P28335', 'P31645', 'P08908', 'P23975', 'Q01959', 'P35368', 'P08913', 'P35348', 'Q12809']","['P08684', 'Q14097', 'P10635', 'P08684', 'Q9HB55', 'P20815', 'P24462']"
C052035,trandolapril,DB00519,[H][C@@]12C[C@H](N(C(=O)[C@H](C)N[C@@H](CCC3=CC=CC=C3)C(=O)OCC)[C@@]1([H])CCCC2)C(O)=O,['P12821'],['P23141']
C055162,clopidogrel,DB00758,[H][C@@](N1CCC2=C(C1)C=CS2)(C(=O)OC)C1=CC=CC=C1Cl,['Q9H244'],"['P08684', 'P20813', 'P20815', 'P33261', 'P11712', 'P05177', 'P10632', 'P23141']"
C056507,gemcitabine,DB00441,NC1=NC(=O)N(C=C1)[C@@H]1O[C@H](CO)[C@@H](O)C1(F)F,"['P23921', 'P04818', 'P30085']","['P32320', 'P27707', 'O00142', 'P30085', 'P15531']"
C057693,troglitazone,DB00197,CC1=C(C)C2=C(CCC(C)(COC3=CC=C(CC4SC(=O)NC4=O)C=C3)O2)C(C)=C1O,"['P37231', 'O60488', 'P05121', 'Q99808', 'P62508', 'P11474', 'Q03181', 'Q07869', 'P09211']","['P08684', 'P10632', 'P22309', 'P33261', 'P11511', 'P04798', 'P20813', 'P11712', 'P20815', 'P24462', 'P35503', 'P22310', 'P19224', 'Q9HAW7', 'Q9HAW9', 'O60656', 'Q9HAW8', 'P16662', 'P54855']"
C060836,pioglitazone,DB01132,CCC1=CN=C(CCOC2=CC=C(CC3SC(=O)NC3=O)C=C2)C=C1,"['P37231', 'P27338']","['P10632', 'P08684', 'P04798']"
C062735,zafirlukast,DB00549,COC1=CC(=CC=C1CC1=CN(C)C2=C1C=C(NC(=O)OC1CCCC1)C=C2)C(=O)NS(=O)(=O)C1=CC=CC=C1C,['Q9Y271'],"['P11712', 'P10632', 'P23219', 'P08684', 'P05177', 'P33261', 'P10635']"
C063008,mycophenolate mofetil,DB00688,COC1=C(C\C=C(/C)CCC(=O)OCCN2CCOCC2)C(O)=C2C(=O)OCC2=C1C,"['P20839', 'P12268', 'Q03393']","['P22309', 'Q9HAW7', 'P19224', 'O60656', 'P16662', 'Q9HAW9', 'Q9HAW8', 'P23141', 'P08684', 'P20815', 'P10632', 'Q6IPK9']"
C065180,fluvastatin,DB01095,CC(C)N1C(\C=C\[C@H](O)C[C@H](O)CC(O)=O)=C(C2=CC=C(F)C=C2)C2=CC=CC=C12,"['P04035', 'Q92769']","['P04798', 'P08684', 'P20815', 'P10632', 'P11712', 'P33261', 'P10635', 'P22309', 'P35503', 'P16662', 'P20813']"
C065757,meloxicam,DB00814,CN1C(C(=O)NC2=NC=C(C)S2)=C(O)C2=C(C=CC=C2)S1(=O)=O,"['P35354', 'P23219']","['P11712', 'P08684', 'P52209', 'P10632']"
C067311,docetaxel,DB01248,[H][C@@]1(C[C@@]2(O)[C@@H](OC(=O)C3=CC=CC=C3)[C@]3([H])[C@@]4(CO[C@@H]4C[C@H](O)[C@@]3(C)C(=O)[C@H](O)C(=C1C)C2(C)C)OC(C)=O)OC(=O)[C@H](O)[C@@H](NC(=O)OC(C)(C)C)C1=CC=CC=C1,"['Q9H4B7', 'P10415', 'P11137', 'P27816', 'P10636', 'O75469']","['P08684', 'P20815', 'P24462', 'Q16678']"
C076029,olanzapine,DB00334,CN1CCN(CC1)C1=NC2=CC=CC=C2NC2=C1C=C(C)S2,"['P28223', 'P14416', 'P21728', 'P21918', 'P35462', 'P21917', 'P28335', 'P46098', 'P50406', 'P35367', 'P35348', 'P35368', 'P11229', 'P08172', 'P20309', 'P08173', 'P21728', 'P21918', 'P08588', 'P07550', 'P13945', 'P08908', 'P28222', 'P28221', 'P28566', 'P30939', 'P14867', 'P47869', 'P34903', 'P31644', 'Q8N1C3', 'P18507', 'Q99928']","['P05177', 'P10635', 'P31513', 'P33261', 'P11712', 'P22310', 'P08684', 'P08684', 'Q9HB55', 'P20815', 'P24462']"
C081643,candesartan,DB00796,CCOC1=NC2=C(N1CC1=CC=C(C=C1)C1=CC=CC=C1C1=NN=NN1)C(=CC=C2)C(=O)OC(C)OC(=O)OC1CCCCC1,['P30556'],"['P11712', 'P10632', 'P35503', 'P23219']"
C084178,telmisartan,DB00966,CCCC1=NC2=C(C=C(C=C2C)C2=NC3=CC=CC=C3N2C)N1CC1=CC=C(C=C1)C1=CC=CC=C1C(O)=O,"['P30556', 'P37231']","['P33261', 'P35503']"
C086232,bosentan,DB00559,COC1=CC=CC=C1OC1=C(NS(=O)(=O)C2=CC=C(C=C2)C(C)(C)C)N=C(N=C1OCCO)C1=NC=CC=N1,"['P25101', 'P24530']","['P08684', 'P11712']"
C086276,cerivastatin,DB00439,COCC1=C(C2=CC=C(F)C=C2)C(\C=C\[C@@H](O)C[C@@H](O)CC(O)=O)=C(C(C)C)N=C1C(C)C,['P04035'],"['P08684', 'P20815', 'P24462', 'P10632', 'P10635', 'P11712', 'P20813', 'P22309']"
C089730,rosiglitazone,DB00412,CN(CCOC1=CC=C(CC2SC(=O)NC2=O)C=C1)C1=CC=CC=N1,"['P37231', 'O60488', 'Q07869', 'Q03181', 'P19793', 'P28702', 'P48443']","['P10632', 'P11712', 'P23219', 'P05177', 'P10635', 'P08684', 'P20813', 'P05181']"
C093230,fexofenadine,DB00950,CC(C)(C(O)=O)C1=CC=C(C=C1)C(O)CCCN1CCC(CC1)C(O)(C1=CC=CC=C1)C1=CC=CC=C1,['P35367'],[]
C093875,montelukast,DB00471,OC(=O)CC1(CC1)CS[C@H](CCC1=CC=CC=C1C(O)(C)C)C1=CC=CC(\C=C\C2=NC3=C(C=CC(Cl)=C3)C=C2)=C1,"['Q9Y271', 'P09917']","['P10632', 'P08684', 'P11712', 'P23219', 'P11509']"
C103303,alitretinoin,DB00523,C\C(\C=C\C1=C(C)CCCC1(C)C)=C\C=C\C(\C)=C\C(O)=O,"['P10276', 'P19793', 'P10826', 'P28702', 'P13631', 'P48443', 'P17936', 'Q15238', 'Q6V0L0']",[]
C116926,rofecoxib,DB00533,CS(=O)(=O)C1=CC=C(C=C1)C1=C(C(=O)OC1)C1=CC=CC=C1,"['P35354', 'P15502']","['P05177', 'P08684', 'P23219', 'P10632', 'P11712']"
C121345,desloratadine,DB00967,ClC1=CC2=C(C=C1)C(=C1CCNCC1)C1=C(CC2)C=CC=N1,['P35367'],[]
C419708,gefitinib,DB00317,COC1=C(OCCCN2CCOCC2)C=C2C(NC3=CC(Cl)=C(F)C=C3)=NC=NC2=C1,['P00533'],"['P08684', 'P10635', 'P20815', 'P04798', 'P11712', 'P33261']"
C471405,sorafenib,DB00398,CNC(=O)C1=NC=CC(OC2=CC=C(NC(=O)NC3=CC(=C(Cl)C=C3)C(F)(F)F)C=C2)=C1,"['P15056', 'P04049', 'P35916', 'P35968', 'P36888', 'P09619', 'P10721', 'P11362', 'P07949', 'P17948']","['P11712', 'P20815', 'P24462', 'P08684', 'P20813', 'P10632', 'P05177', 'P33261', 'P10635', 'O60656', 'P22309']"
C473478,sunitinib,DB01268,CCN(CC)CCNC(=O)C1=C(C)NC(\C=C2/C(=O)NC3=C2C=C(F)C=C3)=C1C,"['P09619', 'P17948', 'P10721', 'P35968', 'P35916', 'P36888', 'P07333', 'P16234']","['P20815', 'P24462', 'P08684']"
D000068579,Celecoxib,DB00482,CC1=CC=C(C=C1)C1=CC(=NN1C1=CC=C(C=C1)S(N)(=O)=O)C(F)(F)F,"['P35354', 'O15530', 'P00918', 'P07451', 'H3BUU9']","['P08684', 'P11712', 'P10635', 'P10632']"
D000068677,Sildenafil Citrate,DB00203,CCCC1=NN(C)C2=C1N=C(NC2=O)C1=CC(=CC=C1OCC)S(=O)(=O)N1CCN(C)CC1,"['O76074', 'P18545', 'Q13956']","['P08684', 'P20815', 'P24462', 'P11712', 'P33261', 'P10635', 'P05181']"
D000068718,Rosuvastatin Calcium,DB01098,CC(C)C1=NC(=NC(C2=CC=C(F)C=C2)=C1\C=C\[C@@H](O)C[C@@H](O)CC(=O)O)N(C)S(C)(=O)=O,"['P04035', 'P20701']",['P11712']
D000068756,Valsartan,DB00177,CCCCC(=O)N(CC1=CC=C(C=C1)C1=CC=CC=C1C1=NNN=N1)[C@@H](C(C)C)C(O)=O,['P30556'],['P11712']
D000068877,Imatinib Mesylate,DB00619,CN1CCN(CC2=CC=C(C=C2)C(=O)NC2=CC(NC3=NC=CC(=N3)C3=CN=CC=C3)=C(C)C=C2)CC1,"['P11274', 'P10721', 'O43519', 'P04629', 'P07333', 'P16234', 'Q08345', 'P00519', 'P09619']","['P08684', 'P20815', 'P24462', 'P05177', 'P11712', 'P10635', 'P33261', 'P23219', 'P10632']"
D000068900,Sitagliptin Phosphate,DB01261,N[C@@H](CC(=O)N1CCN2C(C1)=NN=C2C(F)(F)F)CC1=CC(F)=C(F)C=C1F,['P27487'],"['P08684', 'P10632']"
D000069059,Atorvastatin Calcium,DB01076,CC(C)C1=C(C(=O)NC2=CC=CC=C2)C(=C(N1CC[C@@H](O)C[C@@H](O)CC(O)=O)C1=CC=C(F)C=C1)C1=CC=CC=C1,"['P04035', 'P27487', 'P35869', 'Q92769', 'Q14994']","['P08684', 'P20815', 'P24462', 'P10632', 'P10635', 'P11712', 'P33261', 'P20813', 'P22309', 'P35503']"
D000069347,Erlotinib Hydrochloride,DB00530,COCCOC1=CC2=C(C=C1OCCOC)C(NC1=CC(=CC=C1)C#C)=NC=N2,"['P00533', 'O75469']","['P08684', 'P20815', 'P05177', 'P04798', 'P10635', 'P10632', 'Q16678', 'P22309']"
D000069348,Quetiapine Fumarate,DB01224,OCCOCCN1CCN(CC1)C1=NC2=CC=CC=C2SC2=CC=CC=C12,"['P28223', 'P14416', 'P08908', 'P28222', 'P28221', 'P28566', 'P28335', 'P46098', 'P50406', 'P34969', 'P21728', 'P21918', 'P35462', 'P21917', 'P35367', 'P35348', 'P35368', 'P25100', 'P08913', 'P18089', 'P18825', 'P11229', 'P08172', 'P20309', 'P08173', 'P08912']","['P20815', 'P08684', 'P33261', 'P10635', 'P24462']"
D000069438,Ezetimibe,DB00973,[H][C@]1(CC[C@H](O)C2=CC=C(F)C=C2)C(=O)N(C2=CC=C(F)C=C2)[C@]1([H])C1=CC=C(O)C=C1,"['Q9UHC9', 'P35610', 'P15144']","['P22309', 'P35503', 'P54855', 'P16662', 'P08684', 'P10632']"
D000069439,Dasatinib,DB01254,CC1=NC(NC2=NC=C(S2)C(=O)NC2=C(C)C=CC=C2Cl)=CC(=N1)N1CCN(CCO)CC1,"['P00519', 'P12931', 'P29317', 'P06239', 'P07947', 'P10721', 'P09619', 'P51692', 'P42684', 'P06241', 'Q06187', 'Q92570', 'P11274', 'P41240', 'P54756', 'P54760', 'P09769', 'P42685', 'P11142', 'P07948', 'Q9NYL2', 'Q16539', 'Q06203']","['P08684', 'P04798', 'P05177', 'Q16678', 'P20815', 'P31513']"
D000069470,Venlafaxine Hydrochloride,DB00285,COC1=CC=C(C=C1)C(CN(C)C)C1(O)CCCCC1,"['P31645', 'P23975', 'Q01959']","['P10635', 'P08684']"
D000070,Acebutolol,DB01193,CCCC(=O)NC1=CC=C(OCC(O)CNC(C)C)C(=C1)C(C)=O,"['P08588', 'P07550']",['P10635']
D000082,Acetaminophen,DB00316,CC(=O)NC1=CC=C(O)C=C1,"['Q15185', 'P35354', 'P23219', 'Q8NER1']","['P05181', 'P05177', 'P08684', 'P10635', 'P11509', 'P19224', 'P22309', 'O60656', 'P54855', 'P50225', 'P0DMM9', 'P11245', 'O00519', 'P09211', 'P09488']"
D000086,Acetazolamide,DB00819,CC(=O)NC1=NN=C(S1)S(N)(=O)=O,"['P00915', 'P00918', 'P22748', 'O43570', 'Q9ULX7', 'P07451', 'P43166', 'P29972']",['P08684']
D000109,Acetylcholine,DB03128,CC(=O)OCC[N+](C)(C)C,"['P22303', 'P11229', 'P08172', 'P20309', 'P08173', 'P36544']",[]
D000241,Adenosine,DB00640,NC1=C2N=CN([C@@H]3O[C@H](CO)[C@@H](O)[C@H]3O)C2=NC=N1,"['P30542', 'P29274', 'P29275', 'P0DMS8']","['P00813', 'P55263', 'P00568', 'P15531', 'P22392', 'P00491', 'P47989']"
D000493,Allopurinol,DB00437,OC1=NC=NC2=C1C=NN2,['P47989'],"['Q06278', 'P47989']"
D000547,Amantadine,DB00915,NC12CC3CC(CC(C3)C1)C2,"['P21430', 'Q8TCU5', 'P36544', 'P14416', 'P43681', 'P32297']","['P20711', 'P27338']"
D000584,Amiloride,DB00594,NC(=N)NC(=O)C1=NC(Cl)=C(N)N=C1N,"['P37088', 'P51168', 'P51170', 'P51172', 'P19801', 'Q16515', 'P78348', 'P19634', 'P00749']","['P19801', 'Q9TRC7']"
D000638,Amiodarone,DB01118,CCCCC1=C(C(=O)C2=CC(I)=C(OCCN(CC)CC)C(I)=C2)C2=C(O1)C=CC=C2,"['Q12809', 'Q9H252', 'Q9NS40', 'P08588', 'P07550', 'P13945', 'Q9P0X4', 'Q13936', 'Q01668', 'O60840', 'Q13698', 'Q02641', 'Q08289', 'P54284', 'O00305', 'P10827', 'P10828', 'P37231', 'Q07869', 'Q86YN6']","['P08684', 'P10632', 'P10635', 'P11712', 'P05177', 'P33261', 'P04798', 'P11509', 'P51589']"
D000639,Amitriptyline,DB00321,CN(C)CCC=C1C2=CC=CC=C2CCC2=CC=CC=C12,"['P23975', 'P31645', 'P28223', 'P08908', 'P41143', 'P41145', 'P04629', 'Q16620', 'P35348', 'P25100', 'P08913', 'P35367', 'O43526', 'Q09470', 'P25021', 'Q9H3N8', 'Q99720', 'P28335', 'P35368', 'P34969', 'P28221', 'P35372', 'P28222', 'P50406', 'O43525', 'P08909', 'P11229', 'P08172', 'P20309', 'P08173', 'P08912', 'Q12809', 'Q9H252', 'Q9NS40']","['P10635', 'P05177', 'P33261', 'P11712', 'P08684', 'P20815', 'P20813', 'P10632', 'P36537', 'P22310']"
D000661,Amphetamine,DB00182,CC(N)CC1=CC=CC=C1,"['Q05940', 'Q01959', 'Q16568', 'Q96RJ0', 'P23975', 'P35348', 'P35368', 'P25100', 'P08913', 'P18089', 'P18825', 'P08588', 'P07550', 'P13945', 'P14416', 'P27338', 'P31645', 'P21397', 'P27338', 'Q99870']","['P10635', 'P11509']"
D000677,Amsacrine,DB00276,COC1=C(NC2=C3C=CC=CC3=NC3=CC=CC=C23)C=CC(NS(C)(=O)=O)=C1,"['P11388', 'Q12809', 'P02763', 'P02768']",[]
D000983,Antipyrine,DB01435,CN1N(C(=O)C=C1C)C1=CC=CC=C1,"['P35354', 'P23219']","['P10632', 'P11712', 'P05177', 'P33261', 'P08684', 'P11509', 'P20813', 'P33260', 'P10635', 'P05181']"
D001241,Aspirin,DB00945,CC(=O)OC1=CC=CC=C1C(O)=O,"['P23219', 'P35354', 'Q04828', 'Q13131', 'P54646', 'Q9Y478', 'O43741', 'P54619', 'Q9UGJ0', 'Q9UGI9', 'P25101', 'P04637', 'P11021', 'P51812', 'P25963', 'P98066', 'P29466', 'P42574', 'O14920', 'P28482', 'Q8TD08', 'P27361', 'P31152', 'Q16659', 'Q13164', 'P24385', 'P01106', 'P12004']","['P33261', 'P11712', 'P19224', 'P11245']"
D001623,Betamethasone,DB00443,[H][C@@]12C[C@H](C)[C@](O)(C(=O)CO)[C@@]1(C)C[C@H](O)[C@@]1(F)[C@@]2([H])CCC2=CC(=O)C=C[C@]12C,['P04150'],"['P08684', 'P11511', 'P20815', 'P24462', 'P11509', 'Q16678', 'P20813', 'P10632', 'P11712', 'P33261']"
D001629,Bezafibrate,DB01393,CC(C)(OC1=CC=C(CCNC(=O)C2=CC=C(Cl)C=C2)C=C1)C(O)=O,"['Q07869', 'Q03181', 'P37231', 'O75469', 'P19793', 'P28702', 'P48443']","['P04798', 'P10632', 'P08684']"
D001712,Biperiden,DB00810,OC(CCN1CCCCC1)(C1CC2CC1C=C2)C1=CC=CC=C1,['P11229'],['P10635']
D001971,Bromocriptine,DB01200,[H][C@@]12CCCN1C(=O)[C@H](CC(C)C)N1C(=O)[C@](NC(=O)[C@H]3CN(C)[C@]4([H])CC5=C(Br)NC6=CC=CC(=C56)C4=C3)(O[C@@]21O)C(C)C,"['P14416', 'P35462', 'P28221', 'P08913', 'P08908', 'P18825', 'P18089', 'P41595', 'P21917', 'P28223', 'P28222', 'P28335', 'P21918', 'P21728', 'P35348', 'P35368', 'P25100', 'P34969']",['P08684']
D002034,Bumetanide,DB00887,CCCCNC1=C(OC2=CC=CC=C2)C(=CC(=C1)C(O)=O)S(N)(=O)=O,"['Q13621', 'P55011', 'Q9UP95', 'Q9H2X9', 'P13569']",['P35354']
D002047,Buprenorphine,DB00921,CO[C@]12CC[C@@]3(C[C@@H]1[C@](C)(O)C(C)(C)C)[C@H]1CC4=C5C(O[C@@H]2[C@@]35CCN1CC1CC1)=C(O)C=C4,"['P35372', 'P41145', 'P41143', 'P41146']","['P08684', 'P20815', 'P11712', 'P10632', 'P24462', 'P10635', 'P33260', 'P33261']"
D002065,Buspirone,DB00490,O=C1CC2(CCCC2)CC(=O)N1CCCCN1CCN(CC1)C1=NC=CC=N1,"['P08908', 'P14416', 'P35462', 'P21917', 'P35348', 'P35368', 'P25100']","['P08684', 'P20815', 'P24462', 'P10635']"
D002110,Caffeine,DB00201,CN1C=NC2=C1C(=O)N(C)C(=O)N2C,"['P30542', 'Q07343', 'P29274', 'P21817', 'P54750', 'Q01064', 'Q14123', 'Q9Y233', 'P27815', 'Q07343', 'Q08493', 'Q08499', 'Q9NP56', 'O00408', 'Q14432', 'Q13370', 'O76074', 'P51160', 'Q9HCR9', 'Q13946', 'O60658', 'O95263', 'O76083', 'P16499', 'P35913', 'P78527', 'O00329', 'P42336', 'P42338', 'Q14643', 'Q14571', 'Q14573', 'Q13315', 'P29275', 'P0DMS8', 'Q01064', 'Q08499', 'Q13370', 'O76074']","['P05177', 'P08684', 'P05181', 'P10632', 'P11712', 'P04798', 'Q16678', 'P10635']"
D002220,Carbamazepine,DB00564,NC(=O)N1C2=CC=CC=C2C=CC2=CC=CC=C12,"['P35498', 'Q9Y5Y9', 'Q9UI33', 'Q99250', 'Q9NY46', 'P35499', 'Q14524', 'Q01118', 'Q9UQD0', 'Q15858', 'P43681', 'O75469']","['P08684', 'P10632', 'P05177', 'P11712', 'P33261', 'P20813', 'P20815', 'P16662', 'P22309', 'P19224', 'Q9HAW7']"
D002437,Cefazolin,DB01327,[H][C@]12SCC(CSC3=NN=C(C)S3)=C(N1C(=O)[C@H]2NC(=O)CN1C=NN=N1)C(O)=O,"['P02918', 'P02919', 'P76577', 'P0AD65', 'P0AD68', 'P27169', 'P40933', 'P60568']",['P51580']
D002443,Ceftriaxone,DB01212,[H][C@]12SCC(CSC3=NC(=O)C(=O)NN3C)=C(N1C(=O)[C@H]2NC(=O)C(=N/OC)\C1=CSC(N)=N1)C(O)=O,"['P0A3M6', 'Q9NSA0', 'Q4U2R8', 'Q8TCC7', 'P46059']",['P15104']
D002701,Chloramphenicol,DB00446,OC[C@@H](NC(=O)C(Cl)Cl)[C@H](O)C1=CC=C(C=C1)[N+]([O-])=O,"['P0ADY7', 'P24093', 'P08174']","['P08684', 'P20815', 'P24462', 'P33261', 'P00484', 'P26841', 'Q56148']"
D002738,Chloroquine,DB00608,CCN(CC)CCCC(C)NC1=CC=NC2=CC(Cl)=CC=C12,"['P09210', 'P01375', 'Q9NR96', 'Q8MU52', 'P09429', 'P09488', 'Q9BYF1']","['P10632', 'P08684', 'P20815', 'P10635', 'P04798']"
D002744,Chlorpheniramine,DB01114,CN(C)CCC(C1=CC=C(Cl)C=C1)C1=CC=CC=N1,"['P35367', 'P31645', 'P23975', 'Q01959']","['P24462', 'P08684', 'P10635', 'P20815']"
D002746,Chlorpromazine,DB00477,CN(C)CCCN1C2=CC=CC=C2SC2=C1C=C(Cl)C=C2,"['P14416', 'P21728', 'P08908', 'P28223', 'P35348', 'P35368', 'P35367', 'Q12809', 'P21728', 'P21918', 'P35462', 'P21917', 'P21918', 'P28335', 'P28223', 'P41595', 'P28335', 'P35348', 'P35368', 'P25100', 'P08913', 'P18089', 'P18825', 'P11229', 'P20309', 'P17405', 'P0DP23', 'P02763', 'P19652', 'P50406', 'P34969', 'Q9H3N8']","['P10635', 'P05177', 'P05181', 'P08684', 'P06276']"
D002747,Chlorpropamide,DB00672,CCCNC(=O)NS(=O)(=O)C1=CC=C(Cl)C=C1,['Q09428'],"['P11712', 'P33261', 'P23219']"
D002794,Choline,DB00122,C[N+](C)(C)CCO,"['Q9Y5K3', 'P22303', 'P49585', 'O14939', 'P06276', 'Q13393', 'Q8TCT1', 'P36544']","['Q9Y6K0', 'Q9Y259', 'P28329', 'P35790', 'Q8NE62']"
D002927,Cimetidine,DB00501,CN\C(NCCSCC1=C(C)NC=N1)=N\C#N,['P25021'],"['P05177', 'P33261', 'P08684', 'P20815', 'P10635', 'P15538', 'P10632', 'P11712', 'P05181', 'P31513', 'Q01740']"
D002939,Ciprofloxacin,DB00537,OC(=O)C1=CN(C2CC2)C2=CC(N3CCNCC3)=C(F)C=C2C1=O,"['P43702', 'P43700', 'P11388', 'Q12809', 'P0AES4', 'P0C1U9', 'Q59192', 'P05653', 'C3T8E2', 'B4YQT9', 'P20831']","['P05177', 'P08684', 'P20815', 'P24462']"
D002991,Clofazimine,DB00845,CC(C)N=C1C=C2N(C3=CC=C(Cl)C=C3)C3=C(C=CC=C3)N=C2C=C1NC1=CC=C(Cl)C=C1,"['P37231', 'P22001']","['P08684', 'P20815', 'P10632', 'P10635']"
D002996,Clomiphene,DB00882,CCN(CC)CCOC1=CC=C(C=C1)C(=C(Cl)C1=CC=CC=C1)C1=CC=CC=C1,"['P03372', 'P04278']",['P05093']
D002997,Clomipramine,DB01242,CN(C)CCCN1C2=CC=CC=C2CCC2=C1C=C(Cl)C=C2,"['P31645', 'P28223', 'P41595', 'P28335', 'P23975', 'P09211']","['P10635', 'P33261', 'P05177', 'P08684']"
D003000,Clonidine,DB00575,ClC1=CC=CC(Cl)=C1NC1=NCCN1,"['P08913', 'P18089', 'P18825', 'P35348', 'P35368', 'P25100']","['P10635', 'P05177', 'P08684', 'P04798', 'P20815']"
D003022,Clotrimazole,DB00257,ClC1=CC=CC=C1C(N1C=CN=C1)(C1=CC=CC=C1)C1=CC=CC=C1,"['P10613', 'O15554', 'O75469', 'Q8TDS4']","['P10632', 'P08684', 'P20813', 'P10635', 'P11509', 'P11712', 'P05181', 'P24462']"
D003024,Clozapine,DB00363,CN1CCN(CC1)C1=NC2=CC(Cl)=CC=C2NC2=CC=CC=C12,"['P14416', 'P28223', 'P21728', 'P35462', 'P21917', 'P08908', 'P28222', 'P28221', 'P28566', 'P46098', 'P28335', 'P50406', 'P34969', 'P35367', 'Q9H3N8', 'P35348', 'P35368', 'P08913', 'P18089', 'P18825', 'P11229', 'P08172', 'P20309', 'P08173', 'P08912', 'Q9NYX4', 'P09211']","['P05177', 'P10635', 'P11712', 'P08684', 'P33261', 'P11509', 'P10632', 'P31513', 'P22310', 'P04798']"
D003042,Cocaine,DB00907,[H][C@]12CC[C@]([H])([C@H]([C@H](C1)OC(=O)C1=CC=CC=C1)C(=O)OC)N2C,"['Q01959', 'P23975', 'P35498', 'Q9Y5Y9', 'Q9UI33', 'Q99250', 'Q9NY46', 'P35499', 'Q14524', 'Q01118', 'Q9UQD0', 'Q15858', 'Q07699', 'O60939', 'Q9NY72', 'Q8IWT1', 'P31645', 'P11229', 'P08172', 'Q99720', 'P23141']","['P08684', 'P10635', 'P10632', 'P06276', 'P23141']"
D003078,Colchicine,DB01394,COC1=CC2=C(C(OC)=C1OC)C1=CC=C(OC)C(=O)C=C1C(CC2)NC(C)=O,['P07437'],"['P08684', 'P20813', 'P10632', 'P05181']"
D003561,Cytarabine,DB00987,NC1=NC(=O)N(C=C1)[C@@H]1O[C@H](CO)[C@@H](O)[C@@H]1O,['P06746'],"['P32320', 'P08684', 'P27707', 'P21589', 'P32321']"
D003630,Daunorubicin,DB00694,COC1=CC=CC2=C1C(=O)C1=C(O)C3=C(C[C@](O)(C[C@@H]3O[C@H]3C[C@H](N)[C@H](O)[C@H](C)O3)C(C)=O)C(O)=C1C2=O,"['P11388', 'Q02880']","['P08684', 'P20815', 'P04798', 'Q16678', 'P47989', 'P16435']"
D003891,Desipramine,DB01151,CNCCCN1C2=CC=CC=C2CCC2=CC=CC=C12,"['P23975', 'P07550', 'P31645', 'P28223', 'P08588', 'P17405', 'P35367', 'P35348', 'P35368', 'P25100', 'P11229', 'P08172', 'P20309', 'P08173', 'P08912', 'P08908', 'P28335', 'P14416', 'P08913', 'P18089', 'P18825']","['P10635', 'P05177', 'P08684', 'P20813', 'P05181']"
D003907,Dexamethasone,DB01234,[H][C@@]12C[C@@H](C)[C@](O)(C(=O)CO)[C@@]1(C)C[C@H](O)[C@@]1(F)[C@@]2([H])CCC2=CC(=O)C=C[C@]12C,"['P04150', 'P51843', 'P04083', 'P35228', 'O75469']","['P80365', 'P08684', 'P28845', 'P20815', 'P24462', 'P05093', 'P04798', 'P11509', 'P20813', 'P33261', 'P10632', 'P05181', 'Q9HB55', 'Q02928', 'P15538']"
D003915,Dextromethorphan,DB00514,[H][C@]12CCCC[C@]11CCN(C)[C@H]2CC2=C1C=C(OC)C=C2,"['Q99720', 'Q5T1J1', 'Q15822', 'Q8TCU5', 'P31645', 'O00264', 'P32297', 'P43681', 'P30926', 'P17787', 'P36544', 'P35372', 'P41143', 'P41145', 'P04839', 'P13498', 'P14598', 'P19878', 'Q15080', 'P63000', 'P15153', 'P23975']","['P10635', 'P08684', 'P24462', 'P20813', 'P33261', 'P11712', 'P06133', 'P16662', 'P54855', 'O75795']"
D003975,Diazepam,DB00829,CN1C2=C(C=C(Cl)C=C2)C(=NCC1=O)C1=CC=CC=C1,"['P14867', 'P47869', 'P34903', 'P48169', 'P31644', 'Q16445', 'P18505', 'P47870', 'P28472', 'O14764', 'P78334', 'Q8N1C3', 'P18507', 'Q99928', 'O00591', 'Q9UN88', 'P14867', 'P47869', 'P34903', 'P31644', 'Q8N1C3', 'P18507', 'Q99928']","['P11712', 'P24462', 'P08684', 'P33261', 'P20815', 'P20813', 'P23219', 'P33260', 'P10632', 'P05181']"
D004008,Diclofenac,DB00586,OC(=O)CC1=CC=CC=C1NC1=C(Cl)C=CC=C1Cl,"['P35354', 'P23219']","['P11712', 'P33261', 'P05177', 'P10632', 'P16662', 'P08684', 'P20813', 'P33260', 'P05181', 'P35503', 'O60656', 'P06133', 'P09917', 'P14555']"
D004054,Diethylstilbestrol,DB00255,CC\C(=C(\CC)C1=CC=C(O)C=C1)C1=CC=C(O)C=C1,"['P03372', 'P62508', 'Q92731', 'P11474', 'O95718', 'Q15596', 'O75469', 'P10275', 'P04278']","['P21964', 'P11511', 'P08684', 'P10632', 'P11712', 'P05181']"
D004061,Diflunisal,DB00861,OC(=O)C1=C(O)C=CC(=C1)C1=C(F)C=C(F)C=C1,"['P35354', 'P23219']","['Q9HAW9', 'O60656']"
D004074,Digitoxin,DB01396,[H][C@@]1(CC[C@]2(O)[C@]3([H])CC[C@]4([H])C[C@H](CC[C@]4(C)[C@@]3([H])CC[C@]12C)O[C@H]1C[C@H](O)[C@H](O[C@H]2C[C@H](O)[C@H](O[C@H]3C[C@H](O)[C@H](O)[C@@H](C)O3)[C@@H](C)O2)[C@@H](C)O1)C1=CC(=O)OC1,['P05023'],"['P08684', 'P05108']"
D004077,Digoxin,DB00390,[H][C@]12CC[C@]3([H])[C@]([H])(C[C@@H](O)[C@]4(C)[C@H](CC[C@]34O)C3=CC(=O)OC3)[C@@]1(C)CC[C@@H](C2)O[C@H]1C[C@H](O)[C@H](O[C@H]2C[C@H](O)[C@H](O[C@H]3C[C@H](O)[C@H](O)[C@@H](C)O3)[C@@H](C)O2)[C@@H](C)O1,['P05023'],['P05108']
D004087,Dihydroergotamine,DB00320,[H][C@@]12CCCN1C(=O)[C@H](CC1=CC=CC=C1)N1C(=O)[C@](C)(NC(=O)[C@H]3CN(C)[C@]4([H])CC5=CNC6=CC=CC(=C56)[C@@]4([H])C3)O[C@@]21O,"['P28221', 'P28222', 'P08913', 'P41595']",['P08684']
D004110,Diltiazem,DB00343,COC1=CC=C(C=C1)[C@@H]1SC2=C(C=CC=C2)N(CCN(C)C)C(=O)[C@@H]1OC(C)=O,"['Q06432', 'Q13936']","['P08684', 'P20815', 'P24462', 'P33261', 'P10635', 'P10632']"
D004155,Diphenhydramine,DB01075,CN(C)CCOC(C1=CC=CC=C1)C1=CC=CC=C1,"['P35367', 'P08172']","['P10635', 'P11712', 'P33261', 'P23219']"
D004206,Disopyramide,DB00280,CC(C)N(CCC(C(N)=O)(C1=CC=CC=C1)C1=NC=CC=C1)C(C)C,"['Q14524', 'P11229', 'P08172', 'P20309', 'Q9NZV8', 'Q9UK17', 'Q12809', 'P19652']","['P08684', 'P05177']"
D004294,Domperidone,DB01184,ClC1=CC2=C(C=C1)N(C1CCN(CCCN3C(=O)NC4=CC=CC=C34)CC1)C(=O)N2,"['P14416', 'P35462']","['P20815', 'P24462', 'P08684', 'P05177', 'P20813', 'P10632', 'P10635']"
D004298,Dopamine,DB00988,NCCC1=CC(O)=C(O)C=C1,"['P14416', 'P21728', 'P21918', 'P35462', 'P21917', 'Q01959', 'P09172', 'P08908', 'P34969', 'P21728', 'P21918', 'P23975', 'P31645', 'P46098', 'O95264', 'P00441', 'Q05940']","['P21397', 'P27338', 'P21964', 'P09172']"
D004316,Doxepin,DB01142,[H]C(CCN(C)C)=C1C2=CC=CC=C2COC2=CC=CC=C12,"['P35367', 'P25021', 'P23975', 'P31645', 'P28223', 'P41595', 'P28335', 'P11229', 'P08172', 'P20309', 'P08173', 'P08912', 'P35348', 'P35368', 'P25100', 'P08908', 'P50406', 'Q9H3N8', 'Q12809']","['P10635', 'P33261', 'P11712', 'P05177', 'P08684']"
D004317,Doxorubicin,DB00997,COC1=CC=CC2=C1C(=O)C1=C(O)C3=C(C[C@](O)(C[C@@H]3O[C@H]3C[C@H](N)[C@H](O)[C@H](C)O3)C(=O)CO)C(O)=C1C2=O,"['P11388', 'Q14978']","['P08684', 'P10635', 'P20813', 'Q16678', 'P16152', 'O75828', 'P14550', 'P42330', 'P15559', 'P47989', 'P29475', 'P35228', 'P29474', 'O75306', 'O75489', 'O75251', 'P16435']"
D004318,Doxycycline,DB00254,[H][C@@]12[C@@H](C)C3=CC=CC(O)=C3C(=O)C1=C(O)[C@]1(O)C(=O)C(C(N)=O)=C(O)[C@@H](N(C)C)[C@]1([H])[C@H]2O,[],['P08684']
D004656,Enalapril,DB00584,CCOC(=O)[C@H](CCC1=CC=CC=C1)N[C@@H](C)C(=O)N1CCC[C@H]1C(O)=O,['P12821'],[]
D004837,Epinephrine,DB00668,CNC[C@H](O)C1=CC(O)=C(O)C=C1,"['P35348', 'P35368', 'P08588', 'P07550', 'P08913', 'P18089', 'P25100', 'P01375']","['P11712', 'P08684', 'P21964', 'P21397', 'P27338']"
D004878,Ergotamine,DB00696,[H][C@@]12CCCN1C(=O)[C@H](CC1=CC=CC=C1)N1C(=O)[C@](C)(NC(=O)[C@H]3CN(C)[C@]4([H])CC5=CNC6=CC=CC(=C56)C4=C3)O[C@@]21O,"['P28221', 'P28222', 'P28223', 'P14416', 'P35348', 'P35368', 'P25100', 'P08913', 'P21728', 'P21918', 'P08908', 'P30939', 'P28335', 'P41595', 'P18825']",['P08684']
D004917,Erythromycin,DB00199,CC[C@H]1OC(=O)[C@H](C)[C@@H](O[C@H]2C[C@@](C)(OC)[C@@H](O)[C@H](C)O2)[C@H](C)[C@@H](O[C@@H]2O[C@H](C)C[C@@H]([C@H]2O)N(C)C)[C@](C)(O)C[C@@H](C)C(=O)[C@H](C)[C@@H](O)[C@]1(C)O,"['O43193', 'Q12809']","['P08684', 'P24462', 'P20815']"
D004958,Estradiol,DB00783,[H][C@@]12CC[C@H](O)[C@@]1(C)CC[C@]1([H])C3=C(CC[C@@]21[H])C=C(O)C=C3,"['P03372', 'Q92731', 'O75469', 'P43681', 'Q99527', 'P00846', 'Q14457']","['P08684', 'P05177', 'P20815', 'P24462', 'P22309', 'P04798', 'Q16678', 'P33261', 'P10632', 'P11712', 'P54855', 'P21964', 'P22309', 'Q9HAW8', 'P35503', 'P22310', 'P19224', 'Q9HAW7', 'Q9HAW9', 'O60656', 'P54855', 'P06133', 'P16662']"
D004961,Estramustine,DB01196,[H][C@@]12CC[C@H](O)[C@@]1(C)CC[C@]1([H])C3=CC=C(OC(=O)N(CCCl)CCCl)C=C3CC[C@@]21[H],"['P11137', 'P78559', 'P03372', 'Q92731']",['P08684']
D004966,"Estrogens, Conjugated (USP)",DB00286,[Na+].[H][C@@]12CCC(=O)[C@@]1(C)CC[C@]1([H])C3=CC=C(OS([O-])(=O)=O)C=C3CC[C@@]21[H],"['P03372', 'Q92731']","['P08684', 'P05177', 'P21964']"
D004970,Estrone,DB00655,[H][C@@]12CCC(=O)[C@@]1(C)CC[C@]1([H])C3=C(CC[C@@]21[H])C=C(O)C=C3,"['P03372', 'Q92731', 'P10275', 'P11511', 'P04278']","['P04798', 'P05177', 'P08684', 'Q16678', 'P20813', 'P11712', 'P05181', 'P20815']"
D004976,Ethacrynic Acid,DB00903,CCC(=C)C(=O)C1=C(Cl)C(Cl)=C(OCC(O)=O)C=C1,"['P05023', 'Q13621', 'Q9UJU2', 'P09211']",['P09210']
D004997,Ethinyl Estradiol,DB00977,[H][C@@]12CC[C@@](O)(C#C)[C@@]1(C)CC[C@]1([H])C3=C(CC[C@@]21[H])C=C(O)C=C3,"['P03372', 'O75469']","['P08684', 'P10632', 'P11712', 'P05177', 'P20815', 'P22310', 'P35503', 'P22309', 'O60656', 'P16662', 'P0DMM9', 'P49888', 'P21964', 'P33261']"
D005047,Etoposide,DB00773,[H][C@]12COC(=O)[C@]1([H])[C@H](C1=CC(OC)=C(O)C(OC)=C1)C1=CC3=C(OCO3)C=C1[C@H]2O[C@@H]1O[C@]2([H])CO[C@@H](C)O[C@@]2([H])[C@H](O)[C@H]1O,"['P11388', 'Q02880']","['P08684', 'P05177', 'P05181', 'P20815', 'P22309', 'P30711', 'P09211', 'P35354', 'P23219']"
D005283,Fentanyl,DB00813,CCC(=O)N(C1CCN(CCC2=CC=CC=C2)CC1)C1=CC=CC=C1,"['P35372', 'P41143', 'P41145', 'P08183']","['P08684', 'P24462']"
D005472,Fluorouracil,DB00544,FC1=CNC(=O)NC1=O,['P04818'],"['P11712', 'P05177', 'P19971', 'Q12882', 'Q16831', 'O95045', 'P11509', 'P10632', 'P42898', 'P04818', 'P11172', 'Q06203']"
D005473,Fluoxetine,DB00472,CNCCC(OC1=CC=C(C=C1)C(F)(F)F)C1=CC=CC=C1,"['P31645', 'P28335', 'Q15822', 'P32297', 'P30926', 'P61024', 'Q12809']","['P33261', 'P10635', 'P11712', 'Q14097', 'P05177', 'P08684', 'P20813', 'P20815']"
D005475,Flupenthixol,DB00875,[H]\C(CCN1CCN(CCO)CC1)=C1/C2=CC=CC=C2SC2=C1C=C(C=C2)C(F)(F)F,"['P14416', 'P21728', 'P28223', 'P35348', 'P35462', 'P21917', 'P28335', 'P11229']","['P20711', 'P23141']"
D005476,Fluphenazine,DB00623,OCCN1CCN(CCCN2C3=CC=CC=C3SC3=C2C=C(C=C3)C(F)(F)F)CC1,"['P14416', 'P21728', 'P0DP23', 'P10275', 'P28223', 'P28335']","['P10635', 'P05181']"
D005479,Flurazepam,DB00690,CCN(CC)CCN1C2=C(C=C(Cl)C=C2)C(=NCC1=O)C1=CC=CC=C1F,"['P14867', 'P47869', 'P34903', 'P48169', 'P31644', 'Q16445', 'P18505', 'P47870', 'P28472', 'O14764', 'P78334', 'Q8N1C3', 'P18507', 'Q99928', 'O00591', 'Q9UN88', 'P14867', 'P47869', 'P34903', 'P31644', 'Q8N1C3', 'P18507', 'Q99928']","['P08684', 'P05181', 'P11509']"
D005480,Flurbiprofen,DB00712,CC(C(O)=O)C1=CC(F)=C(C=C1)C1=CC=CC=C1,"['P23219', 'P35354']","['P11712', 'P16662', 'P22309', 'P35503', 'O60656', 'P06133']"
D005492,Folic Acid,DB00158,NC1=NC(=O)C2=NC(CNC3=CC=C(C=C3)C(=O)N[C@@H](CCC(O)=O)C(O)=O)=CN=C2N1,"['P41439', 'P14207', 'P15328']","['Q92820', 'P42898', 'P00374']"
D005665,Furosemide,DB00695,NS(=O)(=O)C1=C(Cl)C=C(NCC2=CC=CO2)C(=C1)C(O)=O,"['Q13621', 'P00918', 'Q9HC97']","['P52209', 'P22309']"
D005905,Glyburide,DB01016,COC1=C(C=C(Cl)C=C1)C(=O)NCCC1=CC=C(C=C1)S(=O)(=O)NC(=O)NC1CCCCC1,"['Q09428', 'Q14654', 'O60706', 'O95342', 'O95477', 'Q14654', 'Q15842', 'P50416', 'P13569', 'Q8TD43']","['P08684', 'P11712', 'P33261', 'P24462', 'P20815']"
D005990,Glycerol,DB04077,OCC(O)CO,"['Q03181', 'Q9NZK7', 'Q9NPH2', 'P00325', 'Q14643', 'P09466', 'P17050', 'P84077', 'O43252', 'P23367', 'P69924', 'P17802', 'O14717', 'O43708']","['P00352', 'P05181']"
D006220,Haloperidol,DB00502,OC1(CCN(CCCC(=O)C2=CC=C(F)C=C2)CC1)C1=CC=C(Cl)C=C1,"['P14416', 'P21728', 'Q13224', 'P28223', 'P35462', 'Q99705', 'Q05940', 'P28335', 'Q99720', 'P35367', 'P20309', 'P35348', 'P08913', 'P18089', 'P18825', 'P08908', 'P50406', 'P34969']","['P20815', 'P24462', 'P05177', 'P10635', 'P08684', 'P16152', 'O60656', 'P33261', 'P11712', 'P04798']"
D006854,Hydrocortisone,DB00741,[H][C@@]12CC[C@](O)(C(=O)CO)[C@@]1(C)C[C@H](O)[C@@]1([H])[C@@]2([H])CCC2=CC(=O)CC[C@]12C,"['P04150', 'P04083']","['P08684', 'P20815', 'P24462', 'P15538', 'P19099', 'P10632', 'P51857', 'P31213', 'P80365', 'P28845', 'P11509', 'Q16678', 'P20813', 'P11712', 'P33261']"
D007052,Ibuprofen,DB01050,CC(C)CC1=CC=C(C=C1)C(C)C(O)=O,"['P35354', 'P23219', 'P10415', 'P07204', 'P12104', 'P37231', 'P13569', 'Q07869', 'P07359', 'P31151']","['P11712', 'P10632', 'P33261', 'P35503', 'O60656', 'P06133', 'P16662', 'D6RB81', 'P08684']"
D007099,Imipramine,DB00458,CN(C)CCCN1C2=CC=CC=C2CCC2=CC=CC=C12,"['P23975', 'P28223', 'P31645', 'P35367', 'P35348', 'P25100', 'P11229', 'P08172', 'P20309', 'P08173', 'P08912', 'Q9NZV8', 'Q9UK17', 'P28335', 'P35368', 'P34969', 'P21728', 'P21918', 'P14416', 'Q12809', 'Q01959', 'P08908', 'P50406', 'O95259', 'P19652']","['P33261', 'P10635', 'P05177', 'P08684', 'P24462', 'P20813', 'P33260', 'P05181']"
D007213,Indomethacin,DB00328,COC1=CC2=C(C=C1)N(C(=O)C1=CC=C(Cl)C=C1)C(C)=C2CC(O)=O,"['P23219', 'P35354', 'P14555', 'Q8N8N7', 'P37231', 'Q04760', 'Q9Y5Y4', 'Q07869', 'P42330', 'P19525']","['P33261', 'P11712', 'P23141', 'O60656', 'P22309', 'P16662']"
D007559,Ivermectin,DB00602,CO[C@H]1C[C@@H](O[C@@H](C)[C@@H]1O)O[C@H]1[C@H](C)O[C@H](C[C@@H]1OC)O[C@H]1[C@@H](C)\C=C\C=C2/CO[C@@H]3[C@H](O)C(C)=C[C@@H](C(=O)O[C@H]4C[C@@H](C\C=C1/C)O[C@@]1(CC[C@H](C)[C@@H](C(C)C)O1)C4)[C@]23O.CC[C@@H](C)[C@H]1O[C@@]2(CC[C@@H]1C)O[C@@H]1C\C=C(C)\[C@@H](O[C@@H]3O[C@@H](C)[C@H](O[C@@H]4O[C@@H](C)[C@H](O)[C@@H](OC)C4)[C@@H](OC)C3)[C@@H](C)\C=C\C=C3/CO[C@@H]4[C@H](O)C(C)=C[C@@H](C(=O)O[C@@H](C1)C2)[C@]34O,"['O75311', 'P28472']",['P08684']
D007649,Ketamine,DB01221,CNC1(CCCCC1=O)C1=CC=CC=C1Cl,"['Q8TCU5', 'P25103', 'P14416', 'P41143', 'P23975', 'P41145', 'P35372', 'P11229', 'P08172', 'P20309', 'P08173', 'P08912', 'P28223', 'P41595', 'P28335', 'P08908', 'P28222', 'P28221', 'P28566', 'P30939', 'P46098', 'Q693P7', 'P06276', 'P29475']","['P11712', 'P08684', 'P20813', 'P23219', 'P10632']"
D007654,Ketoconazole,DB01026,CC(=O)N1CCN(CC1)C1=CC=C(OCC2COC(CN3C=CN=C3)(O2)C2=CC=C(Cl)C=C2Cl)C=C1,"['P50859', 'P10275', 'P05093', 'P08686', 'Q12809', 'O75469', 'Q14994']","['P08684', 'P20815', 'P33261', 'P04798', 'P05177', 'P11509', 'Q16678', 'P20813', 'P10632', 'P11712', 'P10635', 'P15538', 'P22309', 'Q9HAW7', 'P16662', 'Q9HCS2', 'P11511', 'P78329']"
D007660,Ketoprofen,DB01009,CC(C(O)=O)C1=CC(=CC=C1)C(=O)C1=CC=CC=C1,"['P23219', 'P35354', 'P25024']","['P11712', 'P10632', 'P22309']"
D007980,Levodopa,DB01235,N[C@@H](CC1=CC(O)=C(O)C=C1)C(O)=O,"['P21728', 'P21918', 'P14416', 'P35462', 'P21917']",['P20711']
D008012,Lidocaine,DB00281,CCN(CC)CC(=O)NC1=C(C)C=CC=C1C,"['Q9Y5Y9', 'Q15858', 'Q14524', 'P00533', 'P35499', 'P02763', 'P19652']","['P08684', 'P10635', 'P20815', 'P24462', 'P05177', 'P11712', 'P10632', 'P11509', 'P20813']"
D008139,Loperamide,DB00836,CN(C)C(=O)C(CCN1CCC(O)(CC1)C1=CC=C(Cl)C=C1)(C1=CC=CC=C1)C1=CC=CC=C1,"['P35372', 'P41143', 'P41145', 'O00555', 'P01189', 'P0DP23', 'Q14994']","['P08684', 'P10632', 'P20813', 'P10635']"
D008148,Lovastatin,DB00227,[H][C@]12[C@H](C[C@@H](C)C=C1C=C[C@H](C)[C@@H]2CC[C@@H]1C[C@@H](O)CC(=O)O1)OC(=O)[C@@H](C)CC,"['P04035', 'P20701', 'Q92769']","['P08684', 'Q15166', 'P10632', 'P22309', 'P35503', 'P16662', 'P33261']"
D008376,Maprotiline,DB00934,CNCCCC12CCC(C3=CC=CC=C13)C1=CC=CC=C21,"['P23975', 'P35367', 'P11229', 'P08172', 'P20309', 'P08173', 'P08912', 'P35348', 'P35368', 'P25100', 'P28223', 'P28335', 'P34969', 'P14416', 'P08913', 'P18089', 'P18825']","['P10635', 'P05177']"
D008463,Mebendazole,DB00643,COC(=O)NC1=NC2=C(N1)C=C(C=C2)C(=O)C1=CC=CC=C1,"['Q71U36', 'P68371']","['P04798', 'P08684', 'Q9HB55', 'P20815', 'P24462']"
D008550,Melatonin,DB01065,COC1=CC=C2NC=C(CCNC(C)=O)C2=C1,"['P48039', 'P49286', 'P03372', 'Q92753', 'P0DP23', 'P05164', 'P11678', 'P27797', 'P46597', 'P16083']","['P04798', 'P05177', 'Q16678', 'P33261', 'P11712', 'P46597', 'P14902', 'P05164', 'P11511']"
D008559,Memantine,DB01043,CC12CC3CC(C)(C1)CC(N)(C3)C2,"['P46098', 'Q693P7', 'P14416', 'Q05586', 'Q05586', 'Q12879', 'Q13224', 'Q14957', 'O15399', 'Q8TCU5', 'O60391', 'P14867', 'P47869', 'P34903', 'P48169', 'P31644', 'Q16445', 'P18505', 'P47870', 'P28472', 'O14764', 'P78334', 'Q8N1C3', 'P18507', 'Q99928', 'O00591', 'Q9UN88', 'P23415', 'P23416', 'O75311', 'Q5JXX5', 'P48167']","['P20813', 'P11509', 'P33261']"
D008620,Meprobamate,DB00371,CCCC(C)(COC(N)=O)COC(N)=O,"['P14867', 'P47869', 'P34903', 'P48169', 'P31644', 'Q16445', 'P14867', 'P47869', 'P34903', 'P48169', 'P31644', 'Q16445', 'P18505', 'P47870', 'P28472', 'O14764', 'P78334', 'Q8N1C3', 'P18507', 'Q99928', 'O00591', 'Q9UN88']",[]
D008691,Methadone,DB00333,CCC(=O)C(CC(C)N(C)C)(C1=CC=CC=C1)C1=CC=CC=C1,"['P35372', 'Q05586', 'Q12879', 'Q13224', 'Q14957', 'O15399', 'Q8TCU5', 'O60391', 'P41143', 'P46098', 'P36544', 'P32297', 'P43681', 'P17787']","['P08684', 'P33261', 'P24462', 'P10635', 'P20813', 'P10632', 'P11511', 'P05177', 'P33260', 'P11712']"
D008694,Methamphetamine,DB01577,CN[C@@H](C)CC1=CC=CC=C1,"['Q01959', 'P31645', 'P23975', 'Q05940', 'P54219', 'Q96RJ0', 'P08913', 'P18089', 'P18825', 'P21397', 'P27338']",['P10635']
D008715,Methionine,DB00134,CSCC[C@H](N)C(O)=O,"['Q9UBK8', 'Q99707', 'P50579', 'Q93088', 'Q9H2M3']","['P15104', 'P42898', 'P31153', 'Q9Y3D2', 'Q00266', 'Q9NZV6', 'Q9UJ68', 'P56192', 'Q96GW9', 'Q9NZL9', 'Q9H2M3']"
D008727,Methotrexate,DB00563,[H][C@@](CCC(O)=O)(NC(=O)C1=CC=C(C=C1)N(C)CC1=NC2=C(N)NC(=N)N=C2N=C1)C(O)=O,"['P00374', 'P04818', 'P31939']","['P00374', 'Q06278', 'P42898', 'P52209', 'Q05932', 'P04818', 'P31939', 'Q92820', 'P08684']"
D008750,Methyldopa,DB00968,C[C@](N)(CC1=CC=C(O)C(O)=C1)C(O)=O,"['P08913', 'P20711']","['P21964', 'P20711', 'Q06520', 'P50225', 'P50226', 'P0DMM9', 'P0DMN0', 'O00338', 'Q6IMI6', 'O75897', 'Q9BR01', 'Q6IMI4', 'O43704', 'P09172', 'P11086']"
D008775,Methylprednisolone,DB00959,[H][C@@]12CC[C@](O)(C(=O)CO)[C@@]1(C)C[C@H](O)[C@@]1([H])[C@@]2([H])C[C@H](C)C2=CC(=O)C=C[C@]12C,"['P04150', 'P04083']","['Q04828', 'P52895', 'P42330', 'P17516', 'P28845', 'P80365', 'P08684', 'P08684', 'Q9HB55', 'P20815', 'P24462', 'P11509', 'Q16678', 'P20813', 'P10632', 'P33261', 'P11712']"
D008790,Metoprolol,DB00264,COCCC1=CC=C(OCC(O)CNC(C)C)C=C1,"['P08588', 'P07550']","['P10635', 'P08684']"
D008797,Metyrapone,DB01011,CC(C)(C(=O)C1=CN=CC=C1)C1=CC=CN=C1,"['P15538', 'P00183']","['P19099', 'P11509', 'P08684', 'P15538', 'P05181']"
D008825,Miconazole,DB01110,ClC1=CC(Cl)=C(COC(CN2C=CN=C2)C2=C(Cl)C=C(Cl)C=C2)C=C1,"['P10613', 'P29474', 'P35228', 'O75469', 'Q12791', 'Q16558', 'Q9Y691', 'Q9NPA1', 'Q86W47', 'O15554', 'Q92952', 'Q9H2S1', 'Q9UGI6', 'Q09470', 'Q16322', 'P16389', 'P22001', 'P22459', 'P22460', 'P17658', 'Q14721', 'Q92953', 'P48547', 'Q96PR1', 'Q14003', 'Q03721', 'Q9NSA2', 'Q9NZV8', 'Q9UK17', 'P15382', 'Q9Y6J6', 'Q9Y6H6', 'Q8WWG9', 'Q9UJ90', 'Q9H3M0', 'Q9UIX4', 'Q9UJ96', 'Q8TAE7', 'Q8TDN1', 'O95259', 'Q12809', 'Q9ULD8', 'Q9UQ05', 'Q8NCM2', 'Q9H252', 'Q9NS40', 'Q96L42', 'P51787', 'O43526', 'O43525', 'P56696', 'Q9NR82', 'Q96KK3', 'Q9BQ31', 'Q6PIU1', 'Q8TDN2', 'Q14722', 'Q13303', 'Q14500', 'Q9UNX9', 'P63252', 'P48050', 'Q13936', 'Q01668', 'O60840', 'Q13698', 'Q02641', 'Q08289', 'P54284', 'O00305']","['P11712', 'P33261', 'P11509', 'P05181', 'P08684', 'P20813', 'P10635', 'P10632', 'P15538', 'Q16850', 'P11511']"
D008874,Midazolam,DB00683,CC1=NC=C2CN=C(C3=CC=CC=C3F)C3=C(C=CC(Cl)=C3)N12,"['P14867', 'P47869', 'P34903', 'P48169', 'P31644', 'Q16445', 'P18505', 'P47870', 'P28472', 'O14764', 'P78334', 'Q8N1C3', 'P18507', 'Q99928', 'O00591', 'Q9UN88', 'P14867', 'P47869', 'P34903', 'P31644', 'Q8N1C3', 'P18507', 'Q99928']","['P08684', 'P22310', 'P20815', 'P24462']"
D008879,Midodrine,DB00211,COC1=CC(C(O)CNC(=O)CN)=C(OC)C=C1,"['P35348', 'P35368', 'P25100']",['P10635']
D008942,Mitoxantrone,DB01204,OCCNCCNC1=CC=C(NCCNCCO)C2=C1C(=O)C1=C(C(O)=CC=C1O)C2=O,['P11388'],"['P05181', 'Q16678', 'P08684']"
D009020,Morphine,DB00295,[H][C@@]12OC3=C(O)C=CC4=C3[C@@]11CCN(C)[C@]([H])(C4)[C@]1([H])C=C[C@@H]2O,"['P35372', 'P41145', 'P41143', 'Q9Y6Y9']","['P10632', 'P08684', 'P16662', 'P22309', 'Q9HAW9', 'P54855', 'P06133', 'P35503']"
D009241,Ipratropium,DB00332,[H][C@]12CC[C@]([H])(C[C@@H](C1)OC(=O)C(CO)C1=CC=CC=C1)[N+]2(C)C(C)C,"['P11229', 'P08172', 'P20309']",[]
D009270,Naloxone,DB01183,OC1=CC=C2C[C@H]3N(CC=C)CC[C@@]45[C@@H](OC1=C24)C(=O)CC[C@@]35O,"['P35372', 'P41143', 'P41145', 'P16220', 'P03372', 'O00206', 'P23141']","['P08684', 'P22309', 'P33260', 'P33261']"
D009271,Naltrexone,DB00704,[H][C@@]12OC3=C(O)C=CC4=C3[C@@]11CCN(CC3CC3)[C@]([H])(C4)[C@]1(O)CCC2=O,"['P41143', 'P35372', 'P41145', 'Q5T1J1']",['P22309']
D009288,Naproxen,DB00788,COC1=CC2=C(C=C1)C=C(C=C2)[C@H](C)C(O)=O,"['P23219', 'Q51911', 'P35354']","['P11712', 'P05177', 'P10632', 'P16662', 'P35503', 'P19224', 'Q9HAW7', 'Q9HAW9', 'O60656', 'Q9HAW8']"
D009388,Neostigmine,DB01400,CN(C)C(=O)OC1=CC(=CC=C1)[N+](C)(C)C,['P22303'],['P06276']
D009525,Niacin,DB00627,OC(=O)C1=CN=CC=C1,"['P49019', 'Q8TDS4', 'Q15274', 'P40261']","['P10635', 'P08684', 'P05181']"
D009529,Nicardipine,DB00622,COC(=O)C1=C(C)NC(C)=C(C1C1=CC(=CC=C1)[N+]([O-])=O)C(=O)OCCN(C)CC1=CC=CC=C1,"['Q13936', 'Q08289', 'P54289', 'Q01668', 'P54750', 'Q01064', 'P35348', 'P35368', 'P25100', 'P11229', 'P08172', 'P20309', 'P08173', 'P08912', 'P0DP23']","['P08684', 'P10635', 'P33261', 'P10632', 'P20813', 'P05181', 'P20815', 'P11712']"
D009538,Nicotine,DB00184,CN1CCC[C@H]1C1=CN=CC=C1,"['P43681', 'P36544', 'P17787', 'Q15822', 'P32297', 'P30532', 'Q15825', 'Q9UGM1', 'Q9GZZ6', 'Q05901', 'P30926', 'P11511', 'P28329']","['P11509', 'P05181', 'Q16696', 'P20813', 'P04798', 'P05177', 'P33261', 'P10632', 'P11712', 'P10635', 'P08684', 'P21397', 'P27338']"
D009543,Nifedipine,DB01115,COC(=O)C1=C(C)NC(C)=C(C1C1=CC=CC=C1[N+]([O-])=O)C(=O)OC,"['Q13936', 'O75469', 'P0DP23', 'Q01668', 'Q13698', 'Q08289', 'Q9UK17', 'O43497', 'O95180', 'Q9P0X4']","['P08684', 'P10635', 'P05177', 'P11509', 'P10632', 'P04798', 'P20813', 'P05181', 'P11712', 'P20815']"
D009567,Nitrazepam,DB01595,[O-][N+](=O)C1=CC2=C(NC(=O)CN=C2C2=CC=CC=C2)C=C1,"['P14867', 'P47869', 'P34903', 'P48169', 'P31644', 'Q16445', 'P18505', 'P47870', 'P28472', 'O14764', 'P78334', 'Q8N1C3', 'P18507', 'Q99928', 'O00591', 'Q9UN88', 'P14867', 'P47869', 'P34903', 'P31644', 'Q8N1C3', 'P18507', 'Q99928', 'P35498']","['P08684', 'P05181']"
D009568,Nitrendipine,DB01054,CCOC(=O)C1=C(C)NC(C)=C(C1C1=CC(=CC=C1)[N+]([O-])=O)C(=O)OC,"['Q13936', 'P54289', 'Q08289', 'Q01668', 'Q13698', 'Q9NY47', 'O95180']","['P08684', 'P20815', 'P24462']"
D009638,Norepinephrine,DB00368,NC[C@H](O)C1=CC(O)=C(O)C=C1,"['P35348', 'P35368', 'P25100', 'P08913', 'P18089', 'P18825', 'P08588', 'P07550', 'P13945', 'P00439', 'Q05940', 'P54219']",[]
D009643,Norfloxacin,DB01059,CCN1C=C(C(O)=O)C(=O)C2=CC(F)=C(C=C12)N1CCNCC1,"['P43702', 'P43700', 'P11388']","['P05177', 'P04798', 'P08684', 'P24462']"
D010042,Ouabain,DB01092,[H][C@@]12CC[C@]3(O)C[C@H](C[C@@H](O)[C@]3(CO)[C@@]1([H])[C@H](O)C[C@]1(C)[C@H](CC[C@]21O)C1=CC(=O)OC1)O[C@@H]1O[C@@H](C)[C@H](O)[C@@H](O)[C@H]1O,"['P05023', 'P50993', 'P13637']",[]
D010096,Oxprenolol,DB01580,CC(C)NCC(O)COC1=CC=CC=C1OCC=C,"['P08588', 'P07550', 'P13945']",['P10635']
D010197,Pancuronium,DB01337,[H][C@@]12C[C@@H]([C@H](OC(C)=O)[C@@]1(C)CC[C@@]1([H])[C@@]2([H])CC[C@@]2([H])C[C@H](OC(C)=O)[C@H](C[C@]12C)[N+]1(C)CCCCC1)[N+]1(C)CCCCC1,"['Q15822', 'P08172', 'P20309']",['P06276']
D010615,Phenacetin,DB03783,CCOC1=CC=C(NC(C)=O)C=C1,['P23219'],"['P05177', 'P10635', 'P04798', 'Q16696', 'P11509', 'P33261', 'P11712', 'P05181', 'P08684']"
D010629,Phenformin,DB00914,NC(=N)NC(=N)NCCC1=CC=CC=C1,"['Q13131', 'Q15842']",['P10635']
D010634,Phenobarbital,DB01174,CCC1(C(=O)NC(=O)NC1=O)C1=CC=CC=C1,"['P14867', 'P43681', 'P36544', 'P42262', 'Q13002', 'Q05586', 'Q12879', 'Q13224', 'Q14957', 'O15399', 'Q8TCU5', 'O60391', 'O75469']","['P33261', 'P11712', 'P05181', 'P20813', 'P10632', 'P08684', 'P05177', 'P20815', 'P04798', 'P33260', 'P24462', 'P13584', 'P22309', 'P16662', 'P11509']"
D010643,Phenoxybenzamine,DB00925,CC(COC1=CC=CC=C1)N(CCCl)CC1=CC=CC=C1,"['P35348', 'P08913', 'P18825', 'P18089', 'P0DP23', 'P07550', 'P35368', 'P25100']",[]
D010653,Phenylbutazone,DB00812,CCCCC1C(=O)N(N(C1=O)C1=CC=CC=C1)C1=CC=CC=C1,"['P35354', 'Q16647', 'P23219']","['P11712', 'P08684']"
D010672,Phenytoin,DB00252,O=C1NC(=O)C(N1)(C1=CC=CC=C1)C1=CC=CC=C1,"['Q14524', 'P35498', 'O75469', 'Q07699', 'Q9NY46', 'Q12809', 'Q13936', 'Q01668', 'O60840', 'Q13698', 'Q02641', 'Q08289', 'P54284', 'O00305', 'O00555', 'Q99250', 'Q9UQD0', 'P14867', 'P47869', 'P34903', 'P48169', 'P31644', 'Q16445', 'P18505', 'P47870', 'P28472', 'O14764', 'P78334', 'Q8N1C3', 'P18507', 'Q99928', 'O00591', 'Q9UN88']","['P11712', 'P33261', 'P10632', 'P20813', 'P08684', 'P20815', 'P24462', 'P15538', 'P22309', 'P19224', 'O60656', 'P05177', 'P11509', 'P10635', 'P05181', 'P07099', 'P22310', 'P21964', 'P15559', 'P33260']"
D010868,Pimozide,DB01100,FC1=CC=C(C=C1)C(CCCN1CCC(CC1)N1C(=O)NC2=CC=CC=C12)C1=CC=C(F)C=C1,"['P14416', 'P35462', 'Q12809', 'P0DP23']","['P20815', 'P24462', 'P08684', 'P05177', 'P10635']"
D010894,Piroxicam,DB00554,CN1C(C(=O)NC2=NC=CC=C2)=C(O)C2=C(C=CC=C2)S1(=O)=O,"['P35354', 'P23219']","['P11712', 'P10632']"
D011224,Prazosin,DB00457,COC1=C(OC)C=C2C(N)=NC(=NC2=C1)N1CCN(CC1)C(=O)C1=CC=CO1,"['P35348', 'P35368', 'P25100', 'Q12809', 'P08913', 'P18089', 'P35348', 'P35368', 'P25100']",[]
D011239,Prednisolone,DB00860,[H][C@@]12CC[C@](O)(C(=O)CO)[C@@]1(C)C[C@H](O)[C@@]1([H])[C@@]2([H])CCC2=CC(=O)C=C[C@]12C,['P04150'],['P08684']
D011241,Prednisone,DB00635,[H][C@@]12CC[C@](O)(C(=O)CO)[C@@]1(C)CC(=O)[C@@]1([H])[C@@]2([H])CCC2=CC(=O)C=C[C@]12C,['P04150'],"['P08684', 'P33261', 'P20815', 'P08684', 'Q9HB55', 'P20815', 'P24462', 'P11509', 'Q16678', 'P20813', 'P10632', 'P11712', 'P28845']"
D011339,Probenecid,DB01032,CCCN(CCC)S(=O)(=O)C1=CC=C(C=C1)C(O)=O,"['Q4U2R8', 'Q9NSA0', 'Q8TCC7', 'Q96RD7', 'Q9NYV7']","['P10632', 'P08684', 'P22309', 'P11712']"
D011342,Procainamide,DB01035,CCN(CC)CCNC(=O)C1=CC=C(N)C=C1,"['Q14524', 'P26358', 'Q12809']","['P10635', 'P06276']"
D011374,Progesterone,DB00396,[H][C@@]12CC[C@H](C(C)=O)[C@@]1(C)CC[C@@]1([H])[C@@]2([H])CCC2=CC(=O)CC[C@]12C,"['P06401', 'P03372', 'P08235', 'P05093', 'P41145', 'P02763', 'P04150', 'P10275', 'P04278', 'Q92731']","['P20815', 'P11712', 'P24462', 'P33261', 'P08684', 'P05093', 'P04798', 'Q16678', 'P11509', 'P10635']"
D011398,Promethazine,DB01069,CC(CN1C2=CC=CC=C2SC2=CC=CC=C12)N(C)C,"['P35367', 'P14416', 'P11229', 'P08172', 'P20309', 'P08173', 'P08912', 'P35348', 'P35368', 'P25100', 'P08913', 'P18089', 'P18825', 'P0DP23', 'P25021', 'Q99677', 'P43657', 'P51575', 'Q9UBL9', 'P56373', 'Q99571', 'Q93086', 'O15547', 'Q99572', 'P47900', 'Q96G91', 'Q9H244', 'Q9BPV8', 'Q15391', 'P41231', 'P51582', 'Q86VZ1', 'O00398', 'P35498', 'Q9Y5Y9', 'Q9UI33', 'Q99250', 'Q9NY46', 'P35499', 'Q14524', 'Q01118', 'Q9UQD0', 'Q15858', 'Q09470', 'Q16322', 'P16389', 'P22001', 'P22459', 'P22460', 'P17658', 'Q14721', 'Q92953', 'P48547', 'Q96PR1', 'Q14003', 'Q03721', 'Q9NSA2', 'Q9NZV8', 'Q9UK17', 'P15382', 'Q9Y6J6', 'Q9Y6H6', 'Q8WWG9', 'Q9UJ90', 'Q9H3M0', 'Q9UIX4', 'Q9UJ96', 'Q8TAE7', 'Q8TDN1', 'O95259', 'Q12809', 'Q9ULD8', 'Q9UQ05', 'Q8NCM2', 'Q9H252', 'Q9NS40', 'Q96L42', 'P51787', 'O43526', 'O43525', 'P56696', 'Q9NR82', 'Q96KK3', 'Q9BQ31', 'Q6PIU1', 'Q8TDN2', 'Q14722', 'Q13303']","['P10635', 'P20813', 'P11712']"
D011405,Propafenone,DB01182,CCCNCC(O)COC1=C(C=CC=C1)C(=O)CCC1=CC=CC=C1,"['Q14524', 'Q12809', 'P08588', 'P07550']","['P10635', 'P08684', 'P05177']"
D011433,Propranolol,DB00571,CC(C)NCC(O)COC1=CC=CC2=C1C=CC=C2,"['P08588', 'P07550', 'P13945', 'P08908', 'P28222']","['P20815', 'P10635', 'P24462', 'P05177', 'P33261', 'P08684', 'P04798', 'P21397']"
D011530,Protriptyline,DB00344,CNCCCC1C2=CC=CC=C2C=CC2=CC=CC=C12,"['P23975', 'P31645']",[]
D011794,Quercetin,DB04216,OC1=CC2=C(C(O)=C1)C(=O)C(O)=C(O2)C1=CC=C(O)C(O)=C1,"['P08631', 'P48736', 'Q6NUS8', 'P25705', 'P06576', 'P36542', 'P11309', 'Q9AIU0', 'Q6NVY1', 'Q5G940', 'O94768', 'P03372', 'Q92731', 'P16083', 'P35869', 'Q16678', 'P60709', 'P68400', 'P67870', 'O00303', 'P07900', 'P54652', 'Q9Y230', 'Q15393', 'P22314', 'P04278', 'P16152', 'P17676', 'O75469']",['P10632']
D011796,Quinacrine,DB01103,CCN(CC)CCCC(C)NC1=C2C=C(OC)C=CC2=NC2=C1C=CC(Cl)=C2,"['O60733', 'P47712', 'Q15111']","['P50135', 'P08684', 'P20815']"
D011802,Quinidine,DB00908,[H][C@@]12CCN(C[C@@H]1C=C)[C@]([H])(C2)[C@@H](O)C1=C2C=C(OC)C=CC2=NC=C1,"['Q14524', 'O00180', 'Q9Y257', 'Q12809', 'P35348', 'P35368', 'P25100']","['P08684', 'P24462', 'P10635', 'P05177', 'P05181', 'P04798', 'P20813', 'P11712', 'P10632']"
D011803,Quinine,DB00468,[H][C@]1(C[C@@H]2CC[N@]1C[C@@H]2C=C)[C@H](O)C1=CC=NC2=CC=C(OC)C=C12,"['P14770', 'O15554']","['P20815', 'P05177', 'P10632', 'P11712', 'P33261', 'P05181', 'P24462', 'P04798', 'P08684', 'P10635']"
D011899,Ranitidine,DB00863,CNC(NCCSCC1=CC=C(CN(C)C)O1)=C[N+]([O-])=O,"['P25021', 'P22303']","['P05177', 'P10635', 'P08684', 'P22303']"
D012110,Reserpine,DB00206,[H][C@]12C[C@@H](OC(=O)C3=CC(OC)=C(OC)C(OC)=C3)[C@H](OC)[C@@H](C(=O)OC)[C@@]1([H])C[C@@]1([H])N(CCC3=C1NC1=C3C=CC(OC)=C1)C2,"['Q05940', 'P54219', 'O15392']",['P20815']
D012254,Ribavirin,DB00811,NC(=O)C1=NN(C=N1)[C@@H]1O[C@H](CO)[C@@H](O)[C@H]1O,"['P20839', 'P12268', 'P26676', 'P16502', 'P12823']","['P55263', 'P49902']"
D012256,Riboflavin,DB00140,CC1=C(C)C=C2N(C[C@H](O)[C@H](O)[C@H](O)CO)C3=NC(=O)NC(=O)C3=NC2=C1,"['Q969G6', 'P0AFU8', 'P30043']","['P21397', 'P42898']"
D012293,Rifampin,DB01045,CO[C@H]1\C=C\O[C@@]2(C)OC3=C(C2=O)C2=C(O)C(\C=N\N4CCN(C)CC4)=C(NC(=O)\C(C)=C/C=C/[C@H](C)[C@H](O)[C@@H](C)[C@@H](O)[C@@H](C)[C@H](OC(C)=O)[C@@H]1C)C(O)=C2C(O)=C3C,"['P0A8V2', 'O75469']","['P11712', 'P05177', 'P10632', 'P08684', 'P20813', 'P22309', 'P33261', 'P11509', 'P05181', 'Q9HB55', 'P24462', 'O60656', 'P20815']"
D012460,Sulfasalazine,DB00795,OC(=O)C1=CC(=CC=C1O)\N=N\C1=CC=C(C=C1)S(=O)(=O)NC1=NC=CC=C1,"['P09917', 'P35354', 'P23219', 'P37231', 'O15111', 'O14920', 'Q9UPY5', 'P24752', 'P24557', 'P04054']",[]
D012642,Selegiline,DB01037,C[C@H](CC1=CC=CC=C1)N(C)CC#C,"['P27338', 'P21397']","['P20813', 'P08684', 'P11509', 'P05177', 'P33261', 'P10632', 'P11712', 'P10635']"
D013148,Spironolactone,DB00421,[H][C@@]12CC[C@@]3(CCC(=O)O3)[C@@]1(C)CC[C@@]1([H])[C@@]2([H])[C@@]([H])(CC2=CC(=O)CC[C@]12C)SC(C)=O,"['P08235', 'P10275', 'P06401', 'P04150', 'P19099', 'P05093', 'P18405', 'P31213', 'Q9H8P0', 'P04278', 'Q06432', 'Q9Y698', 'O60359', 'Q9UBN1', 'Q9UF02', 'Q9BXT2', 'P62955', 'Q8WXS5', 'P54289', 'Q9NY47', 'Q8IZS8', 'Q7Z3S7', 'Q13936', 'Q01668', 'O60840', 'Q13698', 'Q02641', 'Q08289', 'P54284', 'O00305', 'Q00975', 'O00555', 'Q15878', 'O43497', 'O95180', 'Q9P0X4', 'O75469']","['P10632', 'P15538']"
D013311,Streptozocin,DB00428,CN(N=O)C(=O)N[C@H]1[C@@H](O)O[C@H](CO)[C@@H](O)[C@@H]1O,"['P11168', 'Q89ZI2', 'O60502']","['P04798', 'P05177', 'P05181']"
D013442,Sulfinpyrazone,DB01138,O=C1C(CCS(=O)C2=CC=CC=C2)C(=O)N(N1C1=CC=CC=C1)C1=CC=CC=C1,"['Q92887', 'P33527', 'Q96S37', 'O75469']","['P11712', 'P08684', 'P20813', 'P10632']"
D013467,Sulindac,DB00605,CC1=C(CC(O)=O)C2=CC(F)=CC=C2\C1=C/C1=CC=C(C=C1)S(C)=O,"['P35354', 'P23219', 'P15121', 'P27361', 'Q03181', 'Q9Y5Y4', 'O60218']",['P04798']
D013619,Tacrine,DB00382,NC1=C2CCCCC2=NC2=CC=CC=C12,"['P22303', 'P06276', 'P23141']",['P05177']
D013629,Tamoxifen,DB00675,CC\C(=C(/C1=CC=CC=C1)C1=CC=C(OCCN(C)C)C=C1)C1=CC=CC=C1,"['P03372', 'Q92731', 'Q15125', 'P17252', 'P05771', 'Q05655', 'Q02156', 'P05129', 'P41743', 'Q04759', 'Q05513', 'P10275', 'Q12809', 'O75469', 'P62508', 'P04278', 'P45983']","['P10635', 'P08684', 'P20815', 'P24462', 'P11712', 'P33261', 'P20813', 'P04798', 'Q16678', 'Q01740', 'P31513', 'P10632', 'P23141', 'P11511', 'P11509', 'P05181', 'Q9HAW8', 'P50225', 'Q06520', 'P05177', 'P16662', 'O75795', 'P49888']"
D013739,Testosterone,DB00624,C[C@]12CC[C@H]3[C@@H](CCC4=CC(=O)CC[C@]34C)[C@@H]1CC[C@@H]2O,"['P10275', 'P03372', 'P08235']","['P08684', 'P20815', 'P24462', 'Q9HB55', 'P11511', 'P21397', 'P05108', 'P04798', 'Q16678', 'Q16696', 'P20813', 'P33261', 'P11712', 'P10632']"
D013752,Tetracycline,DB00759,[H][C@@]12C[C@@]3([H])C(=C(O)[C@]1(O)C(=O)C(C(N)=O)=C(O)[C@H]2N(C)C)C(=O)C1=C(O)C=CC=C1[C@@]3(C)O,"['P02359', 'P0AG59', 'P0A7V3', 'P0A7W7', 'P0A7U3', 'P04156', 'C9EH48', 'Q9UM07']",['P08684']
D013759,Dronabinol,DB00470,[H][C@@]12C=C(C)CC[C@@]1([H])C(C)(C)OC1=C2C(O)=CC(CCCCC)=C1,"['P21554', 'P34972']","['P08684', 'P11712', 'P23219']"
D013806,Theophylline,DB00277,CN1C2=C(NC=N2)C(=O)N(C)C1=O,"['P30542', 'P29274', 'P29275', 'Q07343', 'O76074', 'P27815', 'Q14432', 'Q92769', 'Q99829', 'Q8TCT9', 'Q15155', 'P09874', 'Q7Z5B4', 'Q9Y4R7']","['P08684', 'P05177', 'P00813', 'P05181', 'P04798', 'Q16678', 'P10635']"
D013888,Thiothixene,DB01623,CN(C)S(=O)(=O)C1=CC2=C(SC3=CC=CC=C3\C2=C\CCN2CCN(C)CC2)C=C1,"['P14416', 'P21728', 'P28223']","['P05177', 'P10635']"
D013974,Thyroxine,DB00451,N[C@@H](CC1=CC(I)=C(OC2=CC(I)=C(O)C(I)=C2)C(I)=C1)C(O)=O,"['P10827', 'P10828', 'P06756', 'P05106']","['P10632', 'P22309', 'P08183']"
D013999,Timolol,DB00373,[H][C@](O)(CNC(C)(C)C)COC1=NSN=C1N1CCOCC1,"['P08588', 'P07550', 'P00720']","['P10635', 'P33261']"
D014044,Tolbutamide,DB01124,CCCCNC(=O)NS(=O)(=O)C1=CC=C(C)C=C1,"['Q09428', 'P48048']","['P11712', 'P10632', 'P33261', 'P33260']"
D014046,Tolmetin,DB00500,CN1C(CC(O)=O)=CC=C1C(=O)C1=CC=C(C)C=C1,"['P35354', 'P23219']","['P48775', 'P05164']"
D014196,Trazodone,DB00656,ClC1=CC=CC(=C1)N1CCN(CCCN2N=C3C=CC=CN3C2=O)CC1,"['P28223', 'P28335', 'P31645', 'P08908', 'P35367', 'P35348', 'P08913', 'P08909']","['P08684', 'P20815', 'P24462', 'P10635']"
D014212,Tretinoin,DB00755,C\C(\C=C\C1=C(C)CCCC1(C)C)=C/C=C/C(/C)=C/C(O)=O,"['P28702', 'P48443', 'P13631', 'P00352', 'Q8NFJ5', 'O94788', 'P49788', 'P10276', 'P10826', 'P31025', 'Q9NY56', 'P02753', 'Q16654', 'P19793', 'O43174', 'Q9NR63', 'Q6V0L0', 'O60760']","['P24462', 'P20813', 'P10632', 'P11712', 'P08684', 'P20815', 'P11509', 'P33260', 'P04798', 'Q02928']"
D014268,Trifluoperazine,DB00831,CN1CCN(CCCN2C3=CC=CC=C3SC3=C2C=C(C=C3)C(F)(F)F)CC1,"['P14416', 'Q9NYX4', 'P35348', 'P0DP23', 'P63316', 'P26447']","['P47989', 'P22310', 'P05177']"
D014295,Trimethoprim,DB00440,COC1=CC(CC2=CN=C(N)N=C2N)=CC(OC)=C1OC,['P0ABQ4'],"['P11712', 'P08684', 'P05177', 'P10632']"
D014299,Trimipramine,DB00726,CC(CN(C)C)CN1C2=CC=CC=C2CCC2=CC=CC=C12,"['P31645', 'P23975', 'Q01959', 'P28223', 'P08908', 'P35348', 'P35368', 'P14416', 'P18089', 'P35367', 'P28335', 'P46098', 'P28221', 'P08913', 'P21728', 'P21918', 'P08588', 'P07550', 'P13945', 'P11229', 'P08172', 'P20309', 'P08173', 'P08912', 'P08909']","['P10635', 'P33261', 'P11712']"
D014580,Ursodeoxycholic Acid,DB01586,[H][C@@]1(CC[C@@]2([H])[C@]3([H])[C@@H](O)C[C@]4([H])C[C@H](O)CC[C@]4(C)[C@@]3([H])CC[C@]12C)[C@H](C)CCC(O)=O,"['P52895', 'Q96RI1']","['P08684', 'Q9HB55', 'P20815', 'P24462']"
D014635,Valproic Acid,DB00313,CCCC(CCC)C(O)=O,"['P45954', 'Q9UKV0', 'Q02218', 'P51649', 'P35498', 'Q9Y5Y9', 'Q9UI33', 'Q99250', 'Q9NY46', 'P35499', 'Q14524', 'Q01118', 'Q9UQD0', 'Q15858', 'Q07699', 'O60939', 'Q9NY72', 'Q8IWT1', 'Q92769', 'Q07869', 'Q03181', 'P37231']","['P11509', 'P20813', 'P11712', 'P20815', 'P23219', 'P05177', 'P33261', 'P08684', 'P22310', 'Q9HAW9', 'Q9HAW8', 'P19224', 'P35503', 'P16662', 'P54855', 'O60656', 'P22309']"
D014700,Verapamil,DB00661,COC1=C(OC)C=C(CCN(C)CCCC(C#N)(C(C)C)C2=CC(OC)=C(OC)C=C2)C=C1,"['Q13936', 'Q00975', 'O00555', 'Q14654', 'O43497', 'O95180', 'Q12809', 'P31645', 'P35348', 'P35368', 'P25100']","['P08684', 'P10632', 'P11712', 'P20815', 'P33260', 'P20813', 'P33261', 'P05177', 'P05181', 'P10635']"
D014747,Vinblastine,DB00570,[H][C@@]12N(C)C3=CC(OC)=C(C=C3[C@@]11CCN3CC=C[C@@](CC)([C@@H](OC(C)=O)[C@]2(O)C(=O)OC)[C@@]13[H])[C@]1(C[C@@]2([H])CN(C[C@](O)(CC)C2)CCC2=C1NC1=C2C=CC=C1)C(=O)OC,"['Q71U36', 'P07437', 'Q9UJT1', 'P23258', 'Q9UJT0', 'P05412']","['P08684', 'P10635']"
D014750,Vincristine,DB00541,[H][C@@]12N3CC[C@@]11C4=C(C=C(OC)C(=C4)[C@]4(C[C@H]5C[N@](C[C@](O)(CC)C5)CCC5=C4NC4=CC=CC=C54)C(=O)OC)N(C=O)[C@@]1([H])[C@](O)([C@H](OC(C)=O)[C@]2(CC)C=CC3)C(=O)OC,"['P07437', 'P68366']","['P20815', 'P24462', 'P08684']"
D014805,Vitamin B 12,DB00115,C[C@H](CNC(=O)CC[C@]1(C)[C@@H](CC(N)=O)[C@H]2N=C1\C(C)=C1/N=C(/C=C3\N=C(\C(\C)=C4\[C@@H](CCC(N)=O)[C@](C)(CC(N)=O)[C@@]2(C)N4[Co+]C#N)[C@@](C)(CC(N)=O)[C@@H]3CCC(N)=O)C(C)(C)[C@@H]1CCC(N)=O)OP([O-])(=O)O[C@@H]1[C@@H](CO)O[C@@H]([C@@H]1O)N1C=NC2=C1C=C(C)C(C)=C2,"['Q99707', 'P22033', 'Q9UBK8', 'Q8IVH4', 'Q9Y4U1', 'P42898']","['Q96EY8', 'Q05599']"
D015215,Zidovudine,DB00495,CC1=CN([C@H]2C[C@H](N=[N+]=[N-])[C@@H](CO)O2)C(=O)NC1=O,"['Q72547', 'O14746']","['P11509', 'P11712', 'P08684', 'P04183', 'P16662', 'P22309']"
D015232,Dinoprostone,DB00917,CCCCC[C@H](O)\C=C\[C@H]1[C@H](O)CC(=O)[C@@H]1C\C=C/CCCC(O)=O,"['P43116', 'P34995', 'P43115', 'P35408', 'Q9Y5Y4']",[]
D015242,Ofloxacin,DB01165,CC1COC2=C3N1C=C(C(O)=O)C(=O)C3=CC(F)=C2N1CCN(C)CC1,"['P43702', 'P43700', 'P11388']",['P05177']
D015248,Gemfibrozil,DB01241,CC1=CC(OCCCC(C)(C)C(O)=O)=C(C)C=C1,"['Q07869', 'Q9Y6L6', 'Q8TCC7', 'O94956', 'Q9NPD5']","['P10632', 'P33261', 'P11712', 'P05177', 'P08684', 'P16662', 'P22309', 'P35503', 'O60656', 'P06133', 'O75795']"
D015251,Epirubicin,DB00445,COC1=CC=CC2=C1C(=O)C1=C(O)C3=C(C[C@](O)(C[C@@H]3O[C@H]3C[C@H](N)[C@@H](O)[C@H](C)O3)C(=O)CO)C(O)=C1C2=O,['P11388'],"['P16662', 'P47712']"
D015255,Idarubicin,DB01177,C[C@@H]1O[C@H](C[C@H](N)[C@@H]1O)O[C@H]1C[C@@](O)(CC2=C1C(O)=C1C(=O)C3=CC=CC=C3C(=O)C1=C2O)C(C)=O,['P11388'],"['P11712', 'P10635']"
D015283,Citalopram,DB01175,CN(C)CCC[C@]1(OCC2=C1C=CC(=C2)C#N)C1=CC=C(F)C=C1,"['P31645', 'P11229', 'P35367', 'P08908', 'P28223', 'P35348', 'P35368', 'P25100', 'P28335', 'P08913', 'P18089', 'P18825', 'P14416', 'P23975', 'Q01959']","['P08684', 'P10635', 'P33261', 'P21397', 'P27338']"
D015735,Mifepristone,DB00834,[H][C@@]12CC[C@@](O)(C#CC)[C@@]1(C)C[C@H](C1=CC=C(C=C1)N(C)C)C1=C3CCC(=O)C=C3CC[C@@]21[H],"['P06401', 'P04150', 'P07288', 'O75469']","['P08684', 'P20815', 'P10635', 'P10632', 'P11712']"
D015736,Felodipine,DB01023,CCOC(=O)C1=C(C)NC(C)=C(C1C1=C(Cl)C(Cl)=CC=C1)C(=O)OC,"['Q13936', 'P54289', 'Q08289', 'Q01668', 'Q13698', 'O95180', 'Q9NY47', 'P0DP23', 'Q01064', 'P54750', 'P08235', 'P02585', 'P63316']","['P08684', 'P20815', 'P24462', 'P10632', 'P11712', 'P10635']"
D015737,Nisoldipine,DB00401,COC(=O)C1=C(C)NC(C)=C(C1C1=CC=CC=C1[N+]([O-])=O)C(=O)OCC(C)C,"['Q13936', 'P54289', 'Q08289', 'Q01668', 'Q13698']","['P08684', 'P20815', 'P24462']"
D015738,Famotidine,DB00927,NC(N)=NC1=NC(CSCCC(N)=NS(N)(=O)=O)=CS1,['P25021'],['P05177']
D015760,Alfentanil,DB00802,CCN1N=NN(CCN2CCC(COC)(CC2)N(C(=O)CC)C2=CC=CC=C2)C1=O,['P35372'],"['P08684', 'P24462', 'P20815']"
D015764,Bepridil,DB01244,CC(C)COCC(CN(CC1=CC=CC=C1)C1=CC=CC=C1)N1CCCC1,"['O00555', 'O95180', 'Q9NY47', 'P05023', 'P51787', 'P63316', 'P0DP23', 'Q01064', 'P54750', 'Q12809']","['P10635', 'P08684']"
D015766,Albendazole,DB00518,CCCSC1=CC2=C(C=C1)N=C(NC(=O)OC)N2,"['Q71U36', 'F1L7U3', 'P68371', 'P83223']","['P04798', 'P05177', 'P08684', 'P33261']"
D015767,Mefloquine,DB00358,OC(C1CCCCN1)C1=CC(=NC2=C1C=CC=C2C(F)(F)F)C(F)(F)F,['P29274'],"['P08684', 'P06276', 'P11511', 'P22303']"
D016589,Astemizole,DB00637,COC1=CC=C(CCN2CCC(CC2)NC2=NC3=CC=CC=C3N2CC2=CC=C(F)C=C2)C=C1,"['P35367', 'Q12809', 'O95259', 'P10636']","['P08684', 'P20815', 'P24462', 'P10635', 'P51589']"
D016593,Terfenadine,DB00342,CC(C)(C)C1=CC=C(C=C1)C(O)CCCN1CCC(CC1)C(O)(C1=CC=CC=C1)C1=CC=CC=C1,"['P35367', 'Q12809', 'P20309', 'P11229', 'P08912', 'P08173', 'P08172']","['P08684', 'P24462', 'P10635', 'P20815', 'P10632', 'P51589']"
D016666,Fluvoxamine,DB00176,COCCCC\C(=N/OCCN)C1=CC=C(C=C1)C(F)(F)F,"['P31645', 'Q12809']","['P10635', 'P05177', 'P04798', 'P08684', 'P08684', 'Q9HB55', 'P20815', 'P24462', 'P11712', 'P33261', 'P20813']"
D016718,Arachidonic Acid,DB04557,CCCCC\C=C/C\C=C/C\C=C/C\C=C/CCCC(O)=O,"['P29498', 'P23219', 'Q07869', 'Q96RI1', 'P19793']",['P11712']
D017035,Pravastatin,DB00175,[H][C@]12[C@H](C[C@H](O)C=C1C=C[C@H](C)[C@@H]2CC[C@@H](O)C[C@@H](O)CC(O)=O)OC(=O)[C@@H](C)CC,"['P04035', 'Q92769']",[]
D017239,Paclitaxel,DB01229,[H][C@]12[C@H](OC(=O)C3=CC=CC=C3)[C@]3(O)C[C@H](OC(=O)[C@H](O)[C@@H](NC(=O)C4=CC=CC=C4)C4=CC=CC=C4)C(C)=C([C@@H](OC(C)=O)C(=O)[C@]1(C)[C@@H](O)C[C@H]1OC[C@@]21OC(C)=O)C3(C)C,"['Q9H4B7', 'P10415', 'P27816', 'P11137', 'P10636', 'O75469']","['P08684', 'P20815', 'P24462', 'P11511', 'Q16678', 'P10632']"
D017257,Ramipril,DB00178,[H][C@@]12CCC[C@]1([H])N([C@@H](C2)C(O)=O)C(=O)[C@H](C)N[C@@H](CCC1=CC=CC=C1)C(=O)OCC,"['P12821', 'P46663']",['P06276']
D017291,Clarithromycin,DB01211,[H][C@@]1(C[C@@](C)(OC)[C@@H](O)[C@H](C)O1)O[C@H]1[C@H](C)[C@@H](O[C@]2([H])O[C@H](C)C[C@@H]([C@H]2O)N(C)C)[C@@](C)(C[C@@H](C)C(=O)[C@H](C)[C@@H](O)[C@](C)(O)[C@@H](CC)OC(=O)[C@@H]1C)OC,"['P0A7J6', 'Q12809', 'Q9Y6L6', 'Q9NPD5']","['P08684', 'P20815']"
D017292,Doxazosin,DB00590,COC1=C(OC)C=C2C(N)=NC(=NC2=C1)N1CCN(CC1)C(=O)C1COC2=CC=CC=C2O1,"['P35348', 'P25100', 'Q12809', 'Q9H252', 'Q9NS40', 'P35368']","['P08684', 'P33261', 'P11712', 'P10635']"
D017308,Etodolac,DB00749,CCC1=C2NC3=C(CCOC3(CC)CC(O)=O)C2=CC=C1,"['P35354', 'P23219', 'P19793']","['P11712', 'O60656', 'P35503', 'Q9HAW8', 'P16662']"
D017312,Toremifene,DB00539,CN(C)CCOC1=CC=C(C=C1)C(=C(\CCCl)C1=CC=CC=C1)\C1=CC=CC=C1,"['P03372', 'P04278']","['P08684', 'P04798']"
D017336,Loratadine,DB00455,CCOC(=O)N1CCC(CC1)=C1C2=C(CCC3=C1N=CC=C3)C=C(Cl)C=C2,"['P35367', 'Q12809']","['P08684', 'P10635', 'P04798', 'P33261', 'P10632', 'P05177', 'P20813', 'P11712', 'P20815', 'P36537', 'P22309', 'P35503', 'P54855']"
D017338,Cladribine,DB00242,NC1=C2N=CN([C@H]3C[C@H](O)[C@@H](CO)O3)C2=NC(Cl)=N1,"['P23921', 'P31350', 'Q7LG56', 'P09884', 'Q07864', 'P56282', 'Q9NRF9', 'Q9NR33', 'P00491']",['P27707']
D017374,Paroxetine,DB00715,FC1=CC=C(C=C1)[C@@H]1CCNC[C@H]1COC1=CC2=C(OCO2)C=C1,"['P31645', 'P23975', 'P28223', 'P35348', 'P35368', 'P25100', 'P08913', 'P18089', 'P18825', 'P08588', 'P07550', 'P13945', 'P14416', 'P35367', 'P08908', 'P28222', 'P28221', 'P28566', 'P30939', 'P28223', 'P41595', 'P28335', 'P46098', 'O95264', 'Q8WXA8', 'Q70Z44', 'A5X5Y0', 'Q13639', 'P50406', 'P34969', 'P11229', 'P08172', 'P20309', 'P08173', 'P08912', 'P41595', 'P21728', 'P21918']","['P10635', 'P11712', 'P20813', 'P05177', 'P08684', 'P33261']"
D017964,Itraconazole,DB01167,CCC(C)N1N=CN(C1=O)C1=CC=C(C=C1)N1CCN(CC1)C1=CC=C(OC[C@H]2CO[C@@](CN3C=NC=N3)(O2)C2=CC=C(Cl)C=C2Cl)C=C1,"['Q16850', 'P50859']","['P20815', 'P24462', 'P08684', 'P20813', 'P04798', 'P05181']"
D018170,Sumatriptan,DB00669,CNS(=O)(=O)CC1=CC=C2NC=C(CCN(C)C)C2=C1,"['P28221', 'P28222', 'P30939', 'P08908']",['P21397']
D018967,Risperidone,DB00734,CC1=C(CCN2CCC(CC2)C2=NOC3=C2C=CC(F)=C3)C(=O)N2CCCCC2=N1,"['P28223', 'P14416', 'P35368', 'P18089', 'P35348', 'P18825', 'P35367', 'P28335', 'P28221', 'P08908', 'P34969', 'P21728']","['P10635', 'P08684']"
D019782,Riluzole,DB00740,NC1=NC2=C(S1)C=C(OC(F)(F)F)C=C2,"['Q14524', 'Q9UPY5']","['P05177', 'P04798']"
D019808,Losartan,DB00678,CCCCC1=NC(Cl)=C(CO)N1CC1=CC=C(C=C1)C1=CC=CC=C1C1=NNN=N1,['P30556'],"['P11712', 'P08684', 'P33261', 'P22309', 'P35503', 'Q9HAW8', 'P16662', 'O75795', 'P10632']"
D019821,Simvastatin,DB00641,[H][C@]12[C@H](C[C@@H](C)C=C1C=C[C@H](C)[C@@H]2CC[C@@H]1C[C@@H](O)CC(=O)O1)OC(=O)C(C)(C)CC,"['P04035', 'P20701', 'Q92769']","['P08684', 'P20815', 'P10632', 'P11712', 'P10635', 'P20813', 'P22309', 'P35503', 'P16662', 'P33261']"
D019833,Genistein,DB01645,OC1=CC=C(C=C1)C1=COC2=CC(O)=CC(O)=C2C1=O,"['Q92731', 'P11388', 'Q14289', 'Q15788', 'P03372', 'Q15596', 'O95718', 'P11474', 'O75469', 'P31749', 'Q99527', 'Q16678', 'P04278']","['P05177', 'P00185', 'P10632', 'P11712', 'P04800', 'P05183', 'P08684']"
D020123,Sirolimus,DB00877,[H][C@@]1(C[C@@H](C)[C@]2([H])CC(=O)[C@H](C)\C=C(C)\[C@@H](O)[C@@H](OC)C(=O)[C@H](C)C[C@H](C)\C=C\C=C\C=C(C)\[C@H](C[C@]3([H])CC[C@@H](C)[C@@](O)(O3)C(=O)C(=O)N3CCCC[C@@]3([H])C(=O)O2)OC)CC[C@@H](O)[C@@H](C1)OC,"['P42345', 'P62942', 'P09038']","['P08684', 'P20815', 'P24462']"
D020156,Salicylic Acid,DB00936,OC(=O)C1=CC=CC=C1O,"['P23219', 'P35354', 'Q04828']",['P11712']
D020280,Sertraline,DB01104,CN[C@H]1CC[C@@H](C2=CC(Cl)=C(Cl)C=C2)C2=CC=CC=C12,"['P31645', 'Q01959', 'O00264', 'Q99720', 'P23975', 'Q7RTT9']","['P08684', 'P10635', 'P33261', 'P11712', 'P20813', 'P27338', 'P21397', 'Q14097', 'P05181']"
D020748,Mibefradil,DB01388,COCC(=O)O[C@]1(CCN(C)CCCC2=NC3=CC=CC=C3N2)CCC2=C(C=CC(F)=C2)[C@@H]1C(C)C,"['O43497', 'O95180', 'Q13936', 'Q01668', 'O60840', 'Q9P0X4', 'Q13698', 'Q02641', 'Q08289', 'P54284', 'O00305']","['P08684', 'P05177', 'P10635', 'P20815', 'P24462', 'P15538', 'P19099']"
D020913,Perindopril,DB00790,[H][C@]12C[C@H](N(C(=O)[C@H](C)N[C@@H](CCC)C(=O)OCC)[C@@]1([H])CCCC2)C(O)=O,"['P12821', 'Q6FHJ7']",['P06276']
